task_name,official_agent,official_model,official_effort,official_runtime_video,solver_success,validation_success,failure_message,instruction,validator_path,validator_archive,reference_path,official_result_dir,official_result_artifact_present,review_status,review_category,behavioral_countertest,evidence_path
task_0002,codex,gpt-6-astra,high,True,True,False,Projectile must react to enemies inside _on_area_entered,"Make the projectile advance the Shoot Em Up quest by calling QuestManager.progress_quest with the kill step each time it overlaps an enemy, queue_free itself after the hit, and ensure it also removes itself when it travels far off screen (50 pixels).",D:\ShaderAgent\re\gamedevbench-main\gamedevbench-main\tasks\task_0002\scripts\test.gd,D:\ShaderAgent\re\gamedevbench-main\gamedevbench-main\tasks\task_0002.zip,D:\ShaderAgent\re\gamedevbench-main\gamedevbench-main\tasks_gt\task_0002,tasks/test_result/gpt6_astra_codex_runtime_video_high_full_333/task_0002_codex_20260907_071751,False,unreviewed,,,
task_0003,codex,gpt-6-astra,high,True,True,False,"'explode' animation should include later smoke frames (expect region 384,128,64,64)","Create a Player scene with a CharacterBody2D root named Player, add an AnimatedSprite2D that autoplay the default animation and includes looping default/left/right jet frames from assets/sprites/sprites-Sheet.png and a non-looping explode sequence from the smoke sprites at assets/sprites/Free Smoke Fx  Pixel 04.png, and attach a 16×16 rectangular CollisionShape2D that fits the jet.",D:\ShaderAgent\re\gamedevbench-main\gamedevbench-main\tasks\task_0003\scripts\test.gd,D:\ShaderAgent\re\gamedevbench-main\gamedevbench-main\tasks\task_0003.zip,D:\ShaderAgent\re\gamedevbench-main\gamedevbench-main\tasks_gt\task_0003,tasks/test_result/gpt6_astra_codex_runtime_video_high_full_333/task_0003_codex_20260907_071752,False,unreviewed,,,
task_0019,codex,gpt-6-astra,high,True,True,False,MuzzleFireLeft must use the muzzle flash shader material,"Create a layered muzzle flash prefab: edit scenes/effects/muzzle_flash_effect.tscn so the root Node3D uses scripts/generic_effect_handler.gd, targets its Optional Light export at an OmniLight child named MuzzleFlash, and keeps a 0.2 second fade. Add SmokeParticles configured with zero gravity and a StandardMaterial3D mesh using a radial GradientTexture2D. Simulate a volumetric smoke puff via using particle billboard mode for billboarding, plus a pair of opposing GPUParticles3D named MuzzleFireLeft and MuzzleFireRight that emit one-shot bursts. Each muzzle fire particle system must rely on the provided assets/shaders/muzzle_flash.gdshader ShaderMaterial and include a draw-pass QuadMesh so the burst renders from both sides. Wire the scene into scenes/main.tscn so Main instantiates the finished effect.",D:\ShaderAgent\re\gamedevbench-main\gamedevbench-main\tasks\task_0019\scripts\test.gd,D:\ShaderAgent\re\gamedevbench-main\gamedevbench-main\tasks\task_0019.zip,D:\ShaderAgent\re\gamedevbench-main\gamedevbench-main\tasks_gt\task_0019,tasks/test_result/gpt6_astra_codex_runtime_video_high_full_333/task_0019_codex_20260907_072211,False,unreviewed,,,
task_0026,codex,gpt-6-astra,high,True,True,False,Export 'camera_shake_noise_panning_speed' missing on PlayerBody,"In scenes/player_body.tscn, restructure PlayerBody so CameraNode contains a CameraActual Node3D with a Camera3D child, assign those nodes to the player_body.gd exports, and implement a noise-based camera shake: expose a FastNoiseLite plus numeric exports for noise_panning_speed (30), max_power (0.15), blend_speed (7), return_strength (5), noise_strength (0.2), falling_bias (1.0), falling_strength_falloff (2.0), falling_max_strength (1.0), and jumping_strength (0.2). Track camera_shake_position/time_since_started, lerp CameraActual toward camera_shake_position plus sampled noise every physics frame, decay back to origin, clamp impulses to the max power, add an upward kick inside impulse_camera_with_recoil, and implement apply_landing_impulse() so downward velocities below the bias trigger a proportional drop impulse. In the PlayerBody scene, create a FastNoiseLite resource with default values and wire it to the camera shake export.",D:\ShaderAgent\re\gamedevbench-main\gamedevbench-main\tasks\task_0026\scripts\test.gd,D:\ShaderAgent\re\gamedevbench-main\gamedevbench-main\tasks\task_0026.zip,D:\ShaderAgent\re\gamedevbench-main\gamedevbench-main\tasks_gt\task_0026,tasks/test_result/gpt6_astra_codex_runtime_video_high_full_333/task_0026_codex_20260907_072338,False,unreviewed,,,
task_0027,codex,gpt-6-astra,high,True,True,False,Impulse direction should push camera backwards along -Z,"In scenes/weapon_rig.tscn, expose WeaponEffects with BarrelEnd/BarrelRayCast exports plus a camera_shake_power export set to 0.3, declare the on_shot_camera_impulse(Vector3,float) signal in scripts/weapon_effects.gd, and emit it from fire_weapon() using the normalized -BarrelRayCast global forward direction and the exported power. Update player_body.gd to include apply_weapon_impulse() that forwards to impulse_camera_with_recoil(), and connect the weapon signal to that method inside scenes/main.tscn so firing the weapon instantly kicks the PlayerBody camera backward.",D:\ShaderAgent\re\gamedevbench-main\gamedevbench-main\tasks\task_0027\scripts\test.gd,D:\ShaderAgent\re\gamedevbench-main\gamedevbench-main\tasks\task_0027.zip,D:\ShaderAgent\re\gamedevbench-main\gamedevbench-main\tasks_gt\task_0027,tasks/test_result/gpt6_astra_codex_runtime_video_high_full_333/task_0027_codex_20260907_072312,False,unreviewed,,,
task_0028,codex,gpt-6-astra,high,True,True,False,PillarPoint node missing,"Create a reusable FlashlightPoint marker scene that uses scripts/flashlight_point.gd to expose a Priority enum (low, medium, high), a has_been_targeted flag, and a reset_target_state() helper, then instance three FlashlightPoint nodes directly under Main in scenes/main.tscn. Place the nodes at (8.36166, 1.81915, -12.0301), (-16.6577, 2.41884, -39.9426), and (23.0185, 2.63927, -86.6948), keep them in the FlashlightPoints group, and set their priorities to medium, low, and high respectively.",D:\ShaderAgent\re\gamedevbench-main\gamedevbench-main\tasks\task_0028\scripts\test.gd,D:\ShaderAgent\re\gamedevbench-main\gamedevbench-main\tasks\task_0028.zip,D:\ShaderAgent\re\gamedevbench-main\gamedevbench-main\tasks_gt\task_0028,tasks/test_result/gpt6_astra_codex_runtime_video_high_full_333/task_0028_codex_20260907_072249,False,unreviewed,,,
task_0030,codex,gpt-6-astra,high,True,True,False,Main scene missing,"Under Main, add a SunshineCloudsDriver node that uses addons/SunshineClouds2/SunshineCloudsDriver.gd, enable Update Continuously, and assign res://assets/clouds/tutorial_clouds_settings.tres to its clouds_resource while reusing the WorldEnvironment environment as ambience_sample_environment. Register the existing DirectionalLight3D and OmniLight3D inside tracked_directional_lights and tracked_point_lights (with a single shadow step entry set to 32) so the clouds use those lights, keep the OmniLight range at 20000, and extend Camera3D's far clip plane to 400000. Wire the same clouds resource into the WorldEnvironment's compositor effect list so the effect renders, and edit assets/clouds/tutorial_clouds_settings.tres to match the reference settings: cloud coverage 0.874, atmospheric density 0.617977, cloud ambient color pure white, ambient tint Color(0.131626, 0.201524, 0.241773, 1), atmosphere color Color(0.696127, 0.832325, 0.989334, 1), and a 512 km mask width so the painted area covers the entire level.",D:\ShaderAgent\re\gamedevbench-main\gamedevbench-main\tasks\task_0030\scripts\test.gd,D:\ShaderAgent\re\gamedevbench-main\gamedevbench-main\tasks\task_0030.zip,D:\ShaderAgent\re\gamedevbench-main\gamedevbench-main\tasks_gt\task_0030,tasks/test_result/gpt6_astra_codex_runtime_video_high_full_333/task_0030_codex_20260907_072559,False,unreviewed,,,
task_0033,codex,gpt-6-astra,high,True,True,False,ArcingChunks must use a StandardMaterial3D override,"Finish the Explosion hierarchy so the ArcingChunks emitter works as wanted: set ArcingChunks to one_shot, lifetime 3s, randomness about 0.7, give it a QuadMesh draw pass and a StandardMaterial3D billboard with bright emission, and drive it with a ParticleProcessMaterial that fires from the default spread at 8–12 m/s, enables rigid collision with bounce 1.0, uses collision_use_scale, and sets a constant sub emitter frequency of 100 Hz with the sub_emitter path pointing to ../ArcingChunkSmoke. Add the GPUParticlesCollisionBox3D named ArcingChunkCollision, positioned just below the emitter and scaled to 40×1×40 so debris collides as shown in the collision segment of the video. Configure ArcingChunkSmoke to emit ~1000 particles with a ShaderMaterial referencing res://assets/shaders/SmokeShader.gdshader (NoiseTexture = res://assets/shaders/NoiseResource.tres) and a ParticleProcessMaterial that rotates sprites, uses the warm gradient/curve combo from the repo, lifetime 3 s, gravity (0,1,0), linear accel ~2, scale curve peaks between 8 and 15, and turbulence influence about 0.005–0.01 so the smoke puffs appear along the chunk trails.",D:\ShaderAgent\re\gamedevbench-main\gamedevbench-main\tasks\task_0033\scripts\test.gd,D:\ShaderAgent\re\gamedevbench-main\gamedevbench-main\tasks\task_0033.zip,D:\ShaderAgent\re\gamedevbench-main\gamedevbench-main\tasks_gt\task_0033,tasks/test_result/gpt6_astra_codex_runtime_video_high_full_333/task_0033_codex_20260907_162442,False,unreviewed,,,
task_0034,codex,gpt-6-astra,high,True,True,False,debug dictionary missing steer entry,"Inside the SteerComponent script, capture the current velocity, scaled desired velocity, and steering force in a debug dictionary whenever debugging is enabled, and queue a redraw every frame so the overlay can update.",D:\ShaderAgent\re\gamedevbench-main\gamedevbench-main\tasks\task_0034\scripts\test.gd,D:\ShaderAgent\re\gamedevbench-main\gamedevbench-main\tasks\task_0034.zip,D:\ShaderAgent\re\gamedevbench-main\gamedevbench-main\tasks_gt\task_0034,tasks/test_result/gpt6_astra_codex_runtime_video_high_full_333/task_0034_codex_20260907_072346,False,unreviewed,,,
task_0042,codex,gpt-6-astra,high,True,True,False,new_ball must trigger camera shake velocity change,"Add a Camera2D node centered on the playfield, attach a Camera2D.gd script that stores displacement, velocity, and the SPRING=900, DAMP=18, MULTIPLIER=20 constants, and implement a shake(right_pointed) method that reverses direction based on who scored. Update pong.gd so new_ball() keeps respawning the Ball and also calls Camera2D.shake() after every score. In _physics_process(), apply spring-damper physics to update velocity and displacement, then set position.x = displacement to drive the horizontal spring motion.",D:\ShaderAgent\re\gamedevbench-main\gamedevbench-main\tasks\task_0042\scripts\test.gd,D:\ShaderAgent\re\gamedevbench-main\gamedevbench-main\tasks\task_0042.zip,D:\ShaderAgent\re\gamedevbench-main\gamedevbench-main\tasks_gt\task_0042,tasks/test_result/gpt6_astra_codex_runtime_video_high_full_333/task_0042_codex_20260907_072552,False,unreviewed,,,
task_0048,codex,gpt-6-astra,high,True,True,False,Draggable without overlaps must call self_destruct and queue_free,"Implement scenes/draggable.tscn as a decoration component that can be dragged. The root Area2D must be named Draggable in the scene, set collision_mask to 2, linear_damp to 20, and attach scripts/draggable.gd. Under it, add Sprite2D named Sprite that uses assets/sprites/star_1.png and is uniformly scaled to 0.58, plus a CollisionShape2D named CollisionShape that holds a 72×72 RectangleShape2D covering the sprite. Implement scripts/draggable.gd so it records initial_position and initial_scale on _ready(), shrinks to zero and tweens back in play_spawn_animation(), listens for the ""click"" action in _on_input_event/_input, lerps toward the mouse while dragging, emits dropped(self, overlapping_areas) on release, and calls self_destruct() with a shrink tween whenever it is dropped outside DropTarget's region.",D:\ShaderAgent\re\gamedevbench-main\gamedevbench-main\tasks\task_0048\scripts\test.gd,D:\ShaderAgent\re\gamedevbench-main\gamedevbench-main\tasks\task_0048.zip,D:\ShaderAgent\re\gamedevbench-main\gamedevbench-main\tasks_gt\task_0048,tasks/test_result/gpt6_astra_codex_runtime_video_high_full_333/task_0048_codex_20260907_072924,False,unreviewed,,,
task_0052,codex,gpt-6-astra,high,True,True,False,Failed to load Player scene.,"Update scripts/player.gd so the Player exports @export_range(0.0, 1.0) var friction = 0.1 and @export_range(0.0, 1.0) var acceleration = 0.25, cache Input.get_axis(""move_left"", ""move_right"") in a dir variable, lerp velocity.x toward dir * speed using acceleration whenever dir != 0, lerp toward 0 using friction when idle, and keep the existing gravity, move_and_slide(), and jump logic gating Input.is_action_just_pressed(""jump"") on is_on_floor().",D:\ShaderAgent\re\gamedevbench-main\gamedevbench-main\tasks\task_0052\scripts\test.gd,D:\ShaderAgent\re\gamedevbench-main\gamedevbench-main\tasks\task_0052.zip,D:\ShaderAgent\re\gamedevbench-main\gamedevbench-main\tasks_gt\task_0052,tasks/test_result/gpt6_astra_codex_runtime_video_high_full_333/task_0052_codex_20260907_072853,False,unreviewed,,,
task_0055,codex,gpt-6-astra,high,True,True,False,player.gd must reference snappedf,"Update scripts/player.gd so the Player CharacterBody2D reads the local mouse vector each physics frame, snaps the angle to 45-degree steps, wraps it into the 0-7 range, and plays the matching AnimatedSprite2D animation with the angle appended (e.g., idle0, idle1, etc.). When left_mouse is held and the mouse distance exceeds 10 pixels, switch to run animations (e.g., run0, run1, etc.) and move with move_and_slide() toward the mouse; otherwise, stay on idle animations with zero velocity.",D:\ShaderAgent\re\gamedevbench-main\gamedevbench-main\tasks\task_0055\scripts\test.gd,D:\ShaderAgent\re\gamedevbench-main\gamedevbench-main\tasks\task_0055.zip,D:\ShaderAgent\re\gamedevbench-main\gamedevbench-main\tasks_gt\task_0055,tasks/test_result/gpt6_astra_codex_runtime_video_high_full_333/task_0055_codex_20260907_072953,False,unreviewed,,,
task_0057,codex,gpt-6-astra,high,True,True,False,Main needs at least two Unit instances for testing,"Build the reusable Unit scene: root it in a CharacterBody2D on collision layer 2/mask 3, keep it in the 'units' group. Add a Sprite2D child that uses the towerDefense spritesheet texture with region_enabled=true and region_rect=Rect2(960, 640, 64, 64), and apply a ShaderMaterial using the aura.gdshader. Add a CollisionShape2D child with a CircleShape2D of radius 14. Add an Area2D child named 'Detect' (collision layer 2, collision mask 2) with its own CollisionShape2D child using a CircleShape2D of radius 35. Implement unit.gd to export a speed variable, define a target_radius variable, include set_selected() and set_target() setters, an avoid() function that uses $Detect.get_overlapping_bodies(), and use move_and_collide() for movement. The set_selected() function must toggle the aura_width shader parameter (1.0 when selected=true, 0.0 when selected=false). Duplicate the Sprite2D material in _ready() to ensure each instance has its own material.",D:\ShaderAgent\re\gamedevbench-main\gamedevbench-main\tasks\task_0057\scripts\test.gd,D:\ShaderAgent\re\gamedevbench-main\gamedevbench-main\tasks\task_0057.zip,D:\ShaderAgent\re\gamedevbench-main\gamedevbench-main\tasks_gt\task_0057,tasks/test_result/gpt6_astra_codex_runtime_video_high_full_333/task_0057_codex_20260907_073036,False,unreviewed,,,
task_0058,codex,gpt-6-astra,high,True,True,False,Label2 text incorrect,"Create res://scenes/audio_demo.tscn with a MarginContainer root named ""AudioDemo"" that fills the screen, uses 20px margins on all sides, and attaches res://scripts/audio_demo.gd exporting sound_dir defaulting to res://assets. Add a CenterContainer with a GridContainer child set to two columns, with 10px horizontal and vertical separation for dynamically added Buttons. Add a CanvasLayer with an HBoxContainer top bar containing four Labels and a VSeparator in the following order: ""Available Streams:"", a count label, the VSeparator, ""Queue:"", and another count label, all using the Poppins-Medium font at size 24. The label nodes are named Label, Label2, Label4, and Label3 in this exact order. The VSeparator node is named VSeparator. Implement audio_demo.gd so _ready() scans sound_dir for .wav/.ogg files, adds a Button for each with its text set to the filename, Poppins font override, and pressed connected to on_audio_button_pressed, which calls AudioManager.play() on the file path. Ensure _process() updates the count labels to reflect AudioManager.available.size() and AudioManager.queue.size().",D:\ShaderAgent\re\gamedevbench-main\gamedevbench-main\tasks\task_0058\scripts\test.gd,D:\ShaderAgent\re\gamedevbench-main\gamedevbench-main\tasks\task_0058.zip,D:\ShaderAgent\re\gamedevbench-main\gamedevbench-main\tasks_gt\task_0058,tasks/test_result/gpt6_astra_codex_runtime_video_high_full_333/task_0058_codex_20260907_073029,False,unreviewed,,,
task_0060,codex,gpt-6-astra,high,True,True,False,Minimap must define set_zoom,"Implement the minimap logic: export a Player reference and a zoom property with a clamped setter, cache the grid and marker prototypes, center the player marker after the first frame, compute grid_scale from the grid size and viewport, duplicate and show markers for every node in the minimap_objects group using their minimap_icon keys, store them in a 'markers' dictionary, rotate (player rotation + PI/2) and position markers each frame relative to the player (scaling to 0.75 and clamping when off the grid), implement _on_object_removed which removes and erases markers when called, and implement _on_gui_input which handles mouse wheel gui_input to adjust zoom. Ensure the world scene connects minimap_objects ""removed"" signals to the minimap while mobs/crates have the ""removed"" signals, expose each one's ""minimap_icon"", and ensure mobs/crates belong to the minimap_objects group.",D:\ShaderAgent\re\gamedevbench-main\gamedevbench-main\tasks\task_0060\scripts\test.gd,D:\ShaderAgent\re\gamedevbench-main\gamedevbench-main\tasks\task_0060.zip,D:\ShaderAgent\re\gamedevbench-main\gamedevbench-main\tasks_gt\task_0060,tasks/test_result/gpt6_astra_codex_runtime_video_high_full_333/task_0060_codex_20260907_073145,False,unreviewed,,,
task_0063,codex,gpt-6-astra,high,True,True,False,Top margin left padding must be 20,"Populate the HUD CanvasLayer so it shows a top MarginContainer named MarginContainer, with a HBoxContainer child node named HBoxContainer, which then contains two Label named Health and Score, writing ""Health: 100"" and ""Score: 0"" repsectively. Then, add a hidden MarginContainer, named GameOver, stretched to the viewport with process mode set to Always. The margin of GameOver should be 70 on left and right, 60 on top, and 100 on bottom. Inside GameOver, include a gradient TextureRect background, a Labels VBox containing three labels (Label writing ""Game Over!!!"", Label2 writing ""your score is 0"", and Label3 writing ""your high score is 100""), and an HBoxContainer named HBoxContainer with buttons named ""menu"" and ""restart"".",D:\ShaderAgent\re\gamedevbench-main\gamedevbench-main\tasks\task_0063\scripts\test.gd,D:\ShaderAgent\re\gamedevbench-main\gamedevbench-main\tasks\task_0063.zip,D:\ShaderAgent\re\gamedevbench-main\gamedevbench-main\tasks_gt\task_0063,tasks/test_result/gpt6_astra_codex_runtime_video_high_full_333/task_0063_codex_20260907_073206,False,unreviewed,,,
task_0068,codex,gpt-6-astra,high,True,True,False,Crate must be destroyed after bullet hit,"Update res://scripts/entities/tank/weapon/bullet.gd so the Bullet has const SPEED = 500, stores its travel direction and firing tank, moves every physics frame by direction.normalized() * SPEED * delta, queues itself when area_entered fires, and on body_entered destroys Crate bodies before calling queue_free().",D:\ShaderAgent\re\gamedevbench-main\gamedevbench-main\tasks\task_0068\scripts\test.gd,D:\ShaderAgent\re\gamedevbench-main\gamedevbench-main\tasks\task_0068.zip,D:\ShaderAgent\re\gamedevbench-main\gamedevbench-main\tasks_gt\task_0068,tasks/test_result/gpt6_astra_codex_runtime_video_high_full_333/task_0068_codex_20260907_073148,False,unreviewed,,,
task_0069,codex,gpt-6-astra,high,True,True,False,Water requires a ShaderMaterial override (via material_override or surface_material_override),"Populate res://scenes/main.tscn so Main contains a water depth visualization scene: add a WorldEnvironment with a procedural sky and glow enabled, a DirectionalLight3D with shadows enabled, a MeshInstance3D named Water that uses a 10x10 PlaneMesh subdivided 20x20 with a ShaderMaterial pointing at res://scenes/WaterShader.tres, a Background Node3D holding exactly 5 sphere MeshInstance3Ds at these positions (all within the 10x10 water plane): Sphere at (3.500, 0.200, -1.000); Sphere2 at (4.200, -0.400, 0.800); Sphere3 at (3.800, 0.000, 2.500); Sphere4 at (2.900, -0.600, -2.800); Sphere5 at (4.000, 0.400, -3.500), all with green StandardMaterial3D overrides, and a Camera3D positioned at (0.195, 0.600, -0.042) with a FOV of 110 and all spheres are visible.",D:\ShaderAgent\re\gamedevbench-main\gamedevbench-main\tasks\task_0069\scripts\test.gd,D:\ShaderAgent\re\gamedevbench-main\gamedevbench-main\tasks\task_0069.zip,D:\ShaderAgent\re\gamedevbench-main\gamedevbench-main\tasks_gt\task_0069,tasks/test_result/gpt6_astra_codex_runtime_video_high_full_333/task_0069_codex_20260907_073251,False,unreviewed,,,
task_0070,codex,gpt-6-astra,high,True,True,False,Water requires a ShaderMaterial override (via material_override or surface_material_override),"Populate res://scenes/main.tscn so Main contains a water depth visualization scene: add a WorldEnvironment with a procedural sky and glow enabled, a DirectionalLight3D with shadows enabled, a MeshInstance3D named Water that uses a 10x10 PlaneMesh subdivided 20x20 with a ShaderMaterial pointing at res://scenes/WaterShader.tres, a Background Node3D holding exactly 5 sphere MeshInstance3Ds at these positions (all within the 10x10 water plane): Sphere at (-3.800, 0.300, 1.200); Sphere2 at (-4.400, -0.500, -0.600); Sphere3 at (-3.200, 0.100, -2.400); Sphere4 at (-2.600, -0.700, 2.800); Sphere5 at (-4.100, 0.400, 3.500), all with green StandardMaterial3D overrides, and a Camera3D positioned at (-0.194, 0.600, 0.048) with a FOV of 110 and all spheres are visible.",D:\ShaderAgent\re\gamedevbench-main\gamedevbench-main\tasks\task_0070\scripts\test.gd,D:\ShaderAgent\re\gamedevbench-main\gamedevbench-main\tasks\task_0070.zip,D:\ShaderAgent\re\gamedevbench-main\gamedevbench-main\tasks_gt\task_0070,tasks/test_result/gpt6_astra_codex_runtime_video_high_full_333/task_0070_codex_20260907_073429,False,unreviewed,,,
task_0071,codex,gpt-6-astra,high,True,True,False,Water requires a ShaderMaterial override (via material_override or surface_material_override),"Populate res://scenes/main.tscn so Main contains a water depth visualization scene: add a WorldEnvironment with a procedural sky and glow enabled, a DirectionalLight3D with shadows enabled, a MeshInstance3D named Water that uses a 10x10 PlaneMesh subdivided 20x20 with a ShaderMaterial pointing at res://scenes/WaterShader.tres, a Background Node3D holding exactly 5 sphere MeshInstance3Ds at these positions (all within the 10x10 water plane): Sphere at (1.200, 0.200, 3.800); Sphere2 at (-1.400, -0.400, 4.300); Sphere3 at (2.600, 0.100, 4.500); Sphere4 at (-2.800, 0.000, 3.200); Sphere5 at (0.400, 0.500, 4.000), all with green StandardMaterial3D overrides, and a Camera3D positioned at (0.000, 0.600, 0.200) with a FOV of 110 and all spheres are visible.",D:\ShaderAgent\re\gamedevbench-main\gamedevbench-main\tasks\task_0071\scripts\test.gd,D:\ShaderAgent\re\gamedevbench-main\gamedevbench-main\tasks\task_0071.zip,D:\ShaderAgent\re\gamedevbench-main\gamedevbench-main\tasks_gt\task_0071,tasks/test_result/gpt6_astra_codex_runtime_video_high_full_333/task_0071_codex_20260907_073347,False,unreviewed,,,
task_0072,codex,gpt-6-astra,high,True,True,False,Water requires a ShaderMaterial override (via material_override or surface_material_override),"Populate res://scenes/main.tscn so Main contains a water depth visualization scene: add a WorldEnvironment with a procedural sky and glow enabled, a DirectionalLight3D with shadows enabled, a MeshInstance3D named Water that uses a 10x10 PlaneMesh subdivided 20x20 with a ShaderMaterial pointing at res://scenes/WaterShader.tres, a Background Node3D holding exactly 5 sphere MeshInstance3Ds at these positions (all within the 10x10 water plane): Sphere at (1.500, 0.200, -4.200); Sphere2 at (-1.000, -0.500, -3.800); Sphere3 at (2.800, 0.000, -4.500); Sphere4 at (-2.600, -0.400, -3.300); Sphere5 at (0.000, 0.400, -4.000), all with green StandardMaterial3D overrides, and a Camera3D positioned at (0.007, 0.600, -0.200) with a FOV of 110 and all spheres are visible.",D:\ShaderAgent\re\gamedevbench-main\gamedevbench-main\tasks\task_0072\scripts\test.gd,D:\ShaderAgent\re\gamedevbench-main\gamedevbench-main\tasks\task_0072.zip,D:\ShaderAgent\re\gamedevbench-main\gamedevbench-main\tasks_gt\task_0072,tasks/test_result/gpt6_astra_codex_runtime_video_high_full_333/task_0072_codex_20260907_073331,False,unreviewed,,,
task_0073,codex,gpt-6-astra,high,True,True,False,Water requires a ShaderMaterial override (via material_override or surface_material_override),"Populate res://scenes/main.tscn so Main contains a water depth visualization scene: add a WorldEnvironment with a procedural sky and glow enabled, a DirectionalLight3D with shadows enabled, a MeshInstance3D named Water that uses a 10x10 PlaneMesh subdivided 20x20 with a ShaderMaterial pointing at res://scenes/WaterShader.tres, a Background Node3D holding exactly 5 sphere MeshInstance3Ds at these positions (all within the 10x10 water plane): Sphere at (3.200, 0.300, 3.000); Sphere2 at (4.000, -0.500, 2.200); Sphere3 at (2.500, 0.100, 4.200); Sphere4 at (3.800, -0.700, 4.500); Sphere5 at (4.400, 0.400, 3.800), all with green StandardMaterial3D overrides, and a Camera3D positioned at (0.142, 0.600, 0.141) with a FOV of 50 and all spheres are visible.",D:\ShaderAgent\re\gamedevbench-main\gamedevbench-main\tasks\task_0073\scripts\test.gd,D:\ShaderAgent\re\gamedevbench-main\gamedevbench-main\tasks\task_0073.zip,D:\ShaderAgent\re\gamedevbench-main\gamedevbench-main\tasks_gt\task_0073,tasks/test_result/gpt6_astra_codex_runtime_video_high_full_333/task_0073_codex_20260907_073346,False,unreviewed,,,
task_0075,codex,gpt-6-astra,high,True,True,False,Water requires a ShaderMaterial override (via material_override or surface_material_override),"Populate res://scenes/main.tscn so Main contains a water depth visualization scene: add a WorldEnvironment with a procedural sky and glow enabled, a DirectionalLight3D with shadows enabled, a MeshInstance3D named Water that uses a 10x10 PlaneMesh subdivided 20x20 with a ShaderMaterial pointing at res://scenes/WaterShader.tres, a Background Node3D holding exactly 5 sphere MeshInstance3Ds at these positions (all within the 10x10 water plane): Sphere at (3.800, -0.400, 3.200); Sphere2 at (-2.900, 0.200, -4.100); Sphere3 at (4.600, 0.000, -0.600); Sphere4 at (-4.200, -0.600, 1.700); Sphere5 at (0.800, 0.500, -3.100), all with green StandardMaterial3D overrides, and add a Camera3D so all spheres are visible Set the Camera3D FOV to 30 and set the camera Y position to 1.0.",D:\ShaderAgent\re\gamedevbench-main\gamedevbench-main\tasks\task_0075\scripts\test.gd,D:\ShaderAgent\re\gamedevbench-main\gamedevbench-main\tasks\task_0075.zip,D:\ShaderAgent\re\gamedevbench-main\gamedevbench-main\tasks_gt\task_0075,tasks/test_result/gpt6_astra_codex_runtime_video_high_full_333/task_0075_codex_20260907_073351,False,unreviewed,,,
task_0076,codex,gpt-6-astra,high,True,True,False,Water requires a ShaderMaterial override (via material_override or surface_material_override),"Populate res://scenes/main.tscn so Main contains a water depth visualization scene: add a WorldEnvironment with a procedural sky and glow enabled, a DirectionalLight3D with shadows enabled, a MeshInstance3D named Water that uses a 10x10 PlaneMesh subdivided 20x20 with a ShaderMaterial pointing at res://scenes/WaterShader.tres, a Background Node3D holding exactly 5 sphere MeshInstance3Ds at these positions (all within the 10x10 water plane): Sphere at (-1.800, 0.200, 4.700); Sphere2 at (4.400, -0.300, 1.100); Sphere3 at (-4.700, 0.100, -0.400); Sphere4 at (2.200, -0.500, -4.300); Sphere5 at (0.300, 0.400, 2.900), all with green StandardMaterial3D overrides, and add a Camera3D so all spheres are visible Set the Camera3D FOV to 30 and set the camera Y position to 1.0.",D:\ShaderAgent\re\gamedevbench-main\gamedevbench-main\tasks\task_0076\scripts\test.gd,D:\ShaderAgent\re\gamedevbench-main\gamedevbench-main\tasks\task_0076.zip,D:\ShaderAgent\re\gamedevbench-main\gamedevbench-main\tasks_gt\task_0076,tasks/test_result/gpt6_astra_codex_runtime_video_high_full_333/task_0076_codex_20260907_073407,False,unreviewed,,,
task_0077,codex,gpt-6-astra,high,True,True,False,Water requires a ShaderMaterial override (via material_override or surface_material_override),"Populate res://scenes/main.tscn so Main contains a water depth visualization scene: add a WorldEnvironment with a procedural sky and glow enabled, a DirectionalLight3D with shadows enabled, a MeshInstance3D named Water that uses a 10x10 PlaneMesh subdivided 20x20 with a ShaderMaterial pointing at res://scenes/WaterShader.tres, a Background Node3D holding exactly 5 sphere MeshInstance3Ds at these positions (all within the 10x10 water plane): Sphere at (-3.900, 0.300, -3.600); Sphere2 at (3.200, -0.200, 4.100); Sphere3 at (-0.800, 0.500, -4.400); Sphere4 at (4.700, -0.400, -1.200); Sphere5 at (-4.600, 0.000, 2.000), all with green StandardMaterial3D overrides, and add a Camera3D so all spheres are visible Set the Camera3D FOV to 30 and set the camera Y position to 1.0.",D:\ShaderAgent\re\gamedevbench-main\gamedevbench-main\tasks\task_0077\scripts\test.gd,D:\ShaderAgent\re\gamedevbench-main\gamedevbench-main\tasks\task_0077.zip,D:\ShaderAgent\re\gamedevbench-main\gamedevbench-main\tasks_gt\task_0077,tasks/test_result/gpt6_astra_codex_runtime_video_high_full_333/task_0077_codex_20260907_073351,False,unreviewed,,,
task_0078,codex,gpt-6-astra,high,True,True,False,Water requires a ShaderMaterial override (via material_override or surface_material_override),"Populate res://scenes/main.tscn so Main contains a water depth visualization scene: add a WorldEnvironment with a procedural sky and glow enabled, a DirectionalLight3D with shadows enabled, a MeshInstance3D named Water that uses a 10x10 PlaneMesh subdivided 20x20 with a ShaderMaterial pointing at res://scenes/WaterShader.tres, a Background Node3D holding exactly 5 sphere MeshInstance3Ds at these positions (all within the 10x10 water plane): Sphere at (2.600, -0.500, -4.500); Sphere2 at (-4.300, 0.200, 3.400); Sphere3 at (4.500, 0.400, 0.900); Sphere4 at (-1.200, -0.100, -3.900); Sphere5 at (0.700, 0.300, 4.600), all with green StandardMaterial3D overrides, and add a Camera3D so all spheres are visible Set the Camera3D FOV to 30 and set the camera Y position to 1.0.",D:\ShaderAgent\re\gamedevbench-main\gamedevbench-main\tasks\task_0078\scripts\test.gd,D:\ShaderAgent\re\gamedevbench-main\gamedevbench-main\tasks\task_0078.zip,D:\ShaderAgent\re\gamedevbench-main\gamedevbench-main\tasks_gt\task_0078,tasks/test_result/gpt6_astra_codex_runtime_video_high_full_333/task_0078_codex_20260907_073538,False,unreviewed,,,
task_0082,codex,gpt-6-astra,high,True,True,False,Run animations must include the directional frames,"In scenes/Player.tscn finish the Player CharacterBody2D by switching motion_mode to Floating, adding an AnimatedSprite2D that uses the Isometric Mini-Crusader sprite set with animations idle0 through idle7 and run0 through run7 (default to idle0, with animation speed scale 2.0), and add a CollisionShape2D rectangle positioned at (7, 44) with a 66x24 size so the collider hugs the feet. Note that animations are ordered in clockwise order starting from right, so idle0 should face right, idle1 faces bottom-right, idle2 faces bottom, etc.; the same applies to run0 through run7. For Each spritesheet can be sliced into 8*N regions (do not set margins, trim empty space, or do anything like that). Use the crusader_idle spritesheet for the idle animation, but crusader_walk for the run animations. Name the nodes the same as each node's class names (AnimatedSprite2D and CollisionShape2D, case sensitive).",D:\ShaderAgent\re\gamedevbench-main\gamedevbench-main\tasks\task_0082\scripts\test.gd,D:\ShaderAgent\re\gamedevbench-main\gamedevbench-main\tasks\task_0082.zip,D:\ShaderAgent\re\gamedevbench-main\gamedevbench-main\tasks_gt\task_0082,tasks/test_result/gpt6_astra_codex_runtime_video_high_full_333/task_0082_codex_20260907_073455,False,unreviewed,,,
task_0087,codex,gpt-6-astra,high,True,True,False,RectangleShape2D size must be 32x32 pixels,"In scenes/Player.tscn finish the Player Area2D by adding the `Sprite2d` that uses res://assets/sokoban_character.png sliced to several frames, a `CollisionShape2d` with a RectangleShape2D that is as large as the grid cell size, a `RayCast2d` that has collide_with_areas enabled, and an AnimationPlayer containing four clips named up, down, left, and right that key Sprite2d.frame for each movement row in the spritesheet. Name the nodes as described above, with lowercase `d` in `2d`. Each clip should be properly animated with 6 frames, and the first and only animation track should be Sprite2d.frame.",D:\ShaderAgent\re\gamedevbench-main\gamedevbench-main\tasks\task_0087\scripts\test.gd,D:\ShaderAgent\re\gamedevbench-main\gamedevbench-main\tasks\task_0087.zip,D:\ShaderAgent\re\gamedevbench-main\gamedevbench-main\tasks_gt\task_0087,tasks/test_result/gpt6_astra_codex_runtime_video_high_full_333/task_0087_codex_20260907_073624,False,unreviewed,,,
task_0089,codex,gpt-6-astra,high,True,True,False,Label text incorrect,"Create res://scenes/audio_demo.tscn with a MarginContainer root named ""AudioDemo"" that fills the screen, uses 20px margins on all sides, and attaches res://scripts/audio_demo.gd exporting sound_dir defaulting to res://assets. Add a CenterContainer with a GridContainer child set to two columns with 10px horizontal and vertical separation for dynamically added Buttons. Add a CanvasLayer with an HBoxContainer top bar containing a Label node named Label using the Poppins-Medium font at size 24. The Label text should be constantly updated to display ""Available Streams: {num_available_streams} | Queue: {num_queud_streams}"", using this string template. Implement audio_demo.gd so _ready() scans sound_dir for .wav/.ogg files, adds a Button for each with its text set to the filename, Poppins font override, and pressed connected to on_audio_button_pressed, which calls AudioManager.play() on the file path. Ensure _process() updates the count labels to reflect AudioManager.available.size() and AudioManager.queue.size().",D:\ShaderAgent\re\gamedevbench-main\gamedevbench-main\tasks\task_0089\scripts\test.gd,D:\ShaderAgent\re\gamedevbench-main\gamedevbench-main\tasks\task_0089.zip,D:\ShaderAgent\re\gamedevbench-main\gamedevbench-main\tasks_gt\task_0089,tasks/test_result/gpt6_astra_codex_runtime_video_high_full_333/task_0089_codex_20260907_073611,False,unreviewed,,,
task_0093,codex,gpt-6-astra,high,True,True,False,ContinueButton size_flags_horizontal must be Expand Fill,"Create a battle over UI panel scene and its script. Add res://scenes/ui/battle_over_panel.tscn with a root Panel named BattleOverPanel, set process mode to Always, and stretch it to full rect. Override the panel style with a StyleBoxFlat using rgba(0, 0, 0, 0.34902). Add a centered VBoxContainer with offsets -20/-20/20/20. Inside it, add a Label named Label with text ""Victorious!"", centered horizontal and vertical alignment, and LabelSettings font_size 24. Add two Buttons named ContinueButton and RestartButton, each with custom_minimum_size (50, 16), size_flags_horizontal set to expand fill, and texts ""Awesome!"" and ""Restart"" respectively. Create res://scenes/ui/battle_over_panel.gd that class_names BattleOverPanel, defines enum Type {WIN, LOSE}, binds the Label and both Buttons with % paths, connects ContinueButton to get_tree().quit and RestartButton to get_tree().reload_current_scene in _ready, and connects Events.battle_over_screen_requested to show_screen. Implement show_screen(text, type) to update the label text, toggle ContinueButton for WIN and RestartButton for LOSE, show the panel, and pause the scene tree.",D:\ShaderAgent\re\gamedevbench-main\gamedevbench-main\tasks\task_0093\scripts\test.gd,D:\ShaderAgent\re\gamedevbench-main\gamedevbench-main\tasks\task_0093.zip,D:\ShaderAgent\re\gamedevbench-main\gamedevbench-main\tasks_gt\task_0093,tasks/test_result/gpt6_astra_codex_runtime_video_high_full_333/task_0093_codex_20260907_073632,False,unreviewed,,,
task_0095,codex,gpt-6-astra,high,True,True,False,"Shader code missing required parts: uniform sampler2D screen_texture: hint_screen_texture, filter_linear_mipmap, step(abs(warped_uv.x), 1.0), step(abs(warped_uv.y), 1.0), sin(2.0 * warped_uv.y * 180.0), pow(abs(centered_uv), vec2(4.0)) / 3.0, textureLod(screen_texture, (warped_uv + 1.0) / 2.0, 0.2), COLOR = vec4(screen_color, 1.0)","Implement the CRT screen shader in screen_effect/screen_effect.gdshader. Use a canvas_item shader with render_mode unshaded and skip_vertex_transform. Add constants for curvature (7.0) and vignette_multiplier (2.0), and declare a sampler2D uniform named screen_texture with the screen texture hint and linear mipmap filtering. In fragment(), compute centered UVs from SCREEN_UV, warp the UVs for curvature, apply a cutoff mask outside the screen, add scanlines, add a vignette, and sample the screen texture with a small LOD bias to blur. Output the final color with alpha 1.0.",D:\ShaderAgent\re\gamedevbench-main\gamedevbench-main\tasks\task_0095\scripts\test.gd,D:\ShaderAgent\re\gamedevbench-main\gamedevbench-main\tasks\task_0095.zip,D:\ShaderAgent\re\gamedevbench-main\gamedevbench-main\tasks_gt\task_0095,tasks/test_result/gpt6_astra_codex_runtime_video_high_full_333/task_0095_codex_20260907_073620,False,unreviewed,,,
task_0107,codex,gpt-6-astra,high,True,True,False,Surface material is not a ShaderMaterial,"Implement the view model clip shader swap on the weapon view model node. Add logic that finds MeshInstance3D nodes under the view model, replaces each surface material with a ShaderMaterial that uses res://shaders/weapon_clip_and_fov_shader.gdshader, copies the base material albedo/metallic/roughness parameters into the shader, and sets the viewmodel_fov shader parameter to 54.0 when applying the shader.",D:\ShaderAgent\re\gamedevbench-main\gamedevbench-main\tasks\task_0107\scripts\test.gd,D:\ShaderAgent\re\gamedevbench-main\gamedevbench-main\tasks\task_0107.zip,D:\ShaderAgent\re\gamedevbench-main\gamedevbench-main\tasks_gt\task_0107,tasks/test_result/gpt6_astra_codex_runtime_video_high_full_333/task_0107_codex_20260907_073921,False,unreviewed,,,
task_0108,codex,gpt-6-astra,high,True,True,False,Tank must enable and disable particles while moving,"In `scenes/world.tscn`, add a TileSet custom data layer named `tile_type` with type int, and assign GradientTexture1D exports named `water_color`, `dirt_color`, and `grass_color` on the World node. In `scripts/world.gd`, add `enum TILE_TYPES { NONE, WATER, DIRT, GRASS }`, export the three GradientTexture1D variables (`water_color`, `dirt_color`, `grass_color`), create a dictionary mapping TILE_TYPES to those gradients, and add a static `get_gradient_at(position)` that reads `get_custom_data_at(position, ""tile_type"")` and returns the matching gradient. In `scenes/tank.tscn`, add `LeftTrackParticles` and `RightTrackParticles` GPUParticles2D nodes with a ParticleProcessMaterial using box emission (emission_shape box) and `emission_box_extents.x = -16`, direction.y = -16 for left and +16 for right, spread 25, gravity = Vector3.ZERO, initial_velocity_max 4, damping_max 3, scale_min 0.25, amount 128, z_index -1, and `emitting = false`. In `scripts/tank.gd`, track the current particle gradient using `World.get_gradient_at(position)`, assign it to each emitter’s `process_material.color_ramp`, set both emitters to `emitting = true` while moving, and `emitting = false` when not moving.",D:\ShaderAgent\re\gamedevbench-main\gamedevbench-main\tasks\task_0108\scripts\test.gd,D:\ShaderAgent\re\gamedevbench-main\gamedevbench-main\tasks\task_0108.zip,D:\ShaderAgent\re\gamedevbench-main\gamedevbench-main\tasks_gt\task_0108,tasks/test_result/gpt6_astra_codex_runtime_video_high_full_333/task_0108_codex_20260907_073920,False,unreviewed,,,
task_0121,codex,gpt-6-astra,high,True,True,False,Panel background color must be RPG blue (#1743 8C),"Build the portrait-ready dialogue balloon in `scenes/portrait_balloon.tscn`. Wrap the dialogue content in an `HBoxContainer` with a named TextureRect portrait slot (150×150 min size) alongside the VBox text column, set the separation to 30 px, and flag the portrait node as unique for scripts. Name the HBox node as `HBoxContainer`, and the portrait node `PortraitTexture`. Update the node order to ensure that the portrait appears to the right of the dialog text. Update the balloon theme so every MarginContainer side uses 30 px padding, the default font size is 26, the panel background switches to the ""RPG blue"" (#17438C) color, and the response buttons use matching blue normal/focus StyleBoxFlat resources (slightly darker blue for normal, and lighter blue for focus).",D:\ShaderAgent\re\gamedevbench-main\gamedevbench-main\tasks\task_0121\scripts\test.gd,D:\ShaderAgent\re\gamedevbench-main\gamedevbench-main\tasks\task_0121.zip,D:\ShaderAgent\re\gamedevbench-main\gamedevbench-main\tasks_gt\task_0121,tasks/test_result/gpt6_astra_codex_runtime_video_high_full_333/task_0121_codex_20260907_074043,False,unreviewed,,,
task_0132,codex,gpt-6-astra,high,True,True,False,"grid_scale must be derived from grid size, viewport, and zoom","Implement the minimap logic: export a Player reference and a zoom property with a clamped setter, cache the grid and marker prototypes, center the player marker after the first frame, compute grid_scale from the grid size and viewport, duplicate and show markers for every node in the minimap_objects group using their minimap_icon keys, store them in a 'markers' dictionary, rotate (player rotation + PI/2) and position markers each frame relative to the player (scaling to 0.75 and clamping when off the grid), implement _on_object_removed which removes and erases markers when called, and implement _on_gui_input which handles mouse wheel gui_input to adjust zoom. Ensure the world scene connects minimap_objects ""removed"" signals to the minimap while mobs/crates have the ""removed"" signals, expose each one's ""minimap_icon"", and ensure mobs/crates belong to the minimap_objects group.",D:\ShaderAgent\re\gamedevbench-main\gamedevbench-main\tasks\task_0132\scripts\test.gd,D:\ShaderAgent\re\gamedevbench-main\gamedevbench-main\tasks\task_0132.zip,D:\ShaderAgent\re\gamedevbench-main\gamedevbench-main\tasks_gt\task_0132,tasks/test_result/gpt6_astra_codex_runtime_video_high_full_333/task_0132_codex_20260907_074305,False,unreviewed,,,
task_0150,codex,gpt-6-astra,high,True,True,False,ContinueButton size_flags_horizontal must be Expand Fill,"Create a battle over UI panel scene and its script. Add res://scenes/ui/battle_over_panel.tscn with a root Panel named BattleOverPanel, set process mode to Always, and stretch it to full rect. Override the panel style with a StyleBoxFlat using rgba(0, 0, 0, 0.34902). Add a centered VBoxContainer with offsets -20/-20/20/20. Inside it, add a Label named Label with text ""Victorious!"", centered horizontal and vertical alignment, and LabelSettings font_size 24. Add two Buttons named ContinueButton and RestartButton, each with custom_minimum_size (50, 16), size_flags_horizontal set to expand fill, and texts ""Awesome!"" and ""Restart"" respectively. Create res://scenes/ui/battle_over_panel.gd that class_names BattleOverPanel, defines enum Type {WIN, LOSE}, binds the Label and both Buttons with % paths, connects ContinueButton to get_tree().quit and RestartButton to get_tree().reload_current_scene in _ready, and connects Events.battle_over_screen_requested to show_screen. Implement show_screen(text, type) to update the label text, toggle ContinueButton for WIN and RestartButton for LOSE, show the panel, and pause the scene tree.",D:\ShaderAgent\re\gamedevbench-main\gamedevbench-main\tasks\task_0150\scripts\test.gd,D:\ShaderAgent\re\gamedevbench-main\gamedevbench-main\tasks\task_0150.zip,D:\ShaderAgent\re\gamedevbench-main\gamedevbench-main\tasks_gt\task_0150,tasks/test_result/gpt6_astra_codex_runtime_video_high_full_333/task_0150_codex_20260907_074447,False,unreviewed,,,
task_0159,codex,gpt-6-astra,high,True,True,False,ContinueButton size_flags_horizontal must be Expand,"Create a battle over UI panel scene and its script. Add res://scenes/ui/battle_over_panel.tscn with a root Panel named BattleOverPanel, set process mode to Always, and stretch it to full rect. Override the panel style with a StyleBoxFlat using rgba(0, 0, 0, 0.47). Add a centered VBoxContainer with offsets -36/-36/36/36. Inside it, add a Label named Label with text ""Encounter Won"", centered horizontal and vertical alignment, and LabelSettings font_size 31. Add two Buttons named ContinueButton and RestartButton, each with custom_minimum_size (80, 28), size_flags_horizontal set to Expand, and texts ""Next Round"" and ""Reset Fight"" respectively. Create res://scenes/ui/battle_over_panel.gd that class_names BattleOverPanel, defines enum Type {WIN, LOSE}, binds the Label and both Buttons with % paths, connects ContinueButton to get_tree().quit and RestartButton to get_tree().reload_current_scene in _ready, and connects Events.battle_over_screen_requested to show_screen. Implement show_screen(text, type) to update the label text, toggle ContinueButton for WIN and RestartButton for LOSE, show the panel, and pause the scene tree.",D:\ShaderAgent\re\gamedevbench-main\gamedevbench-main\tasks\task_0159\scripts\test.gd,D:\ShaderAgent\re\gamedevbench-main\gamedevbench-main\tasks\task_0159.zip,D:\ShaderAgent\re\gamedevbench-main\gamedevbench-main\tasks_gt\task_0159,tasks/test_result/gpt6_astra_codex_runtime_video_high_full_333/task_0159_codex_20260907_074511,False,unreviewed,,,
task_0164,codex,gpt-6-astra,high,True,True,False,Takeoff must transition into the jump animation,"Add the player's jump action to the existing fighter controls. Update `res://scenes/characters/character.gd` so the player can enter a jump sequence from normal grounded movement, rise off the ground, fall back down, and return to the regular grounded state after landing. Use the existing `on_takeoff_complete` and `on_land_complete` callbacks from the starter character script as the completion callbacks for the jump sequence. Update `res://scenes/characters/player.tscn` to add `takeoff`, `jump`, and `land` animations that use the appropriate frames from the 7th row of `res://assets/art/characters/player.png`: `land` should use the 1st valid frame in that row, `takeoff` should use the 2nd, and `jump` should use the 3rd. The task should infer the frame indices from the spritesheet layout. The `takeoff` animation must call `on_takeoff_complete`, and the `land` animation must call `on_land_complete`. The `land` animation must also include a `DamageEmitter.monitoring` property track that disables monitoring while that animation plays. The jump must visibly lift `CharacterSprite` upward during the airborne phase and bring it back to its grounded position when the jump finishes.",D:\ShaderAgent\re\gamedevbench-main\gamedevbench-main\tasks\task_0164\scripts\test.gd,D:\ShaderAgent\re\gamedevbench-main\gamedevbench-main\tasks\task_0164.zip,D:\ShaderAgent\re\gamedevbench-main\gamedevbench-main\tasks_gt\task_0164,tasks/test_result/gpt6_astra_codex_runtime_video_high_full_333/task_0164_codex_20260907_074714,False,unreviewed,,,
task_0166,codex,gpt-6-astra,high,True,True,False,kick animation must enable DamageEmitter monitoring during the kick and disable it when the kick ends,"Add a standing kick attack to the existing player controller. Use the current `res://scenes/characters/player.gd` and `res://scenes/characters/character.gd` setup so that pressing `attack` while the player is walking triggers a dedicated `kick` state instead of the normal grounded `punch`, and starting the kick should stop the player's horizontal movement. Pressing `attack` while idle should still use the existing `punch` attack. Update `res://scenes/characters/character.gd` and `res://scenes/characters/player.gd` as needed so the new grounded kick behavior is represented by a `kick` state and animation mapping. Then update `res://scenes/characters/player.tscn` to add a `kick` animation that uses all valid frames from the 5th row of `res://assets/art/characters/player.png`, inferred from the spritesheet layout. The `kick` animation must include a `DamageEmitter.monitoring` property track that turns monitoring on during the attack and back off when it finishes, and it must use the existing `on_action_complete` callback so the player returns to the normal grounded state after the kick.",D:\ShaderAgent\re\gamedevbench-main\gamedevbench-main\tasks\task_0166\scripts\test.gd,D:\ShaderAgent\re\gamedevbench-main\gamedevbench-main\tasks\task_0166.zip,D:\ShaderAgent\re\gamedevbench-main\gamedevbench-main\tasks_gt\task_0166,tasks/test_result/gpt6_astra_codex_runtime_video_high_full_333/task_0166_codex_20260907_074754,False,unreviewed,,,
task_0183,codex,gpt-6-astra,high,True,True,False,"Ground tile (0, 0) must use the expected rectangular navigation polygon","Update `res://assets/tile_set.tres` to add a navigation layer to the tileset and assign navigation polygons to all ground tiles in the atlas, except the slippery ice tile. Do not add navigation polygons to decor tiles. Each walkable ground tile should use the same rectangular navigation polygon with corners at `(-14, -9)`, `(-14, 9)`, `(14, 9)`, and `(14, -9)`. Do not change the existing tile shape, tile size, probabilities, or tile map structure.",D:\ShaderAgent\re\gamedevbench-main\gamedevbench-main\tasks\task_0183\scripts\test.gd,D:\ShaderAgent\re\gamedevbench-main\gamedevbench-main\tasks\task_0183.zip,D:\ShaderAgent\re\gamedevbench-main\gamedevbench-main\tasks_gt\task_0183,tasks/test_result/gpt6_astra_codex_runtime_video_high_full_333/task_0183_codex_20260907_074925,False,unreviewed,,,
task_0184,codex,gpt-6-astra,high,True,True,False,BasicEnemy hurt animation must use the expected sprite frame sequence,"Expand the brawler combat setup with the first enemy encounter. Update `res://scenes/characters/character.gd` and `res://scenes/characters/character.tscn` so characters can receive damage through a `DamageReceiver`, play a `hurt` reaction with directional knockback when hit, and be removed after taking enough damage. Update `res://scenes/characters/player.tscn` so the player scene keeps its existing movement and attack behavior while also exposing a configured `DamageReceiver` hitbox and a `hurt` animation. Add `res://scenes/characters/basic_enemy.gd` and `res://scenes/characters/basic_enemy.tscn` for a reusable enemy that chases an assigned player reference, uses `res://assets/art/characters/enemy_boss.png` for its sprite, and defines idle, walk, and hurt animations from the appropriate rows of that spritesheet. Use all valid frames from each of those rows in the original order. The enemy must also participate in the same damage system for attacking and being hit. Finally, update `res://world.tscn` so `ActorsContainer` contains exactly two basic enemy instances, with each one wired to the existing player instance through its exported `player` reference.",D:\ShaderAgent\re\gamedevbench-main\gamedevbench-main\tasks\task_0184\scripts\test.gd,D:\ShaderAgent\re\gamedevbench-main\gamedevbench-main\tasks\task_0184.zip,D:\ShaderAgent\re\gamedevbench-main\gamedevbench-main\tasks_gt\task_0184,tasks/test_result/gpt6_astra_codex_runtime_video_high_full_333/task_0184_codex_20260907_075208,False,unreviewed,,,
task_0185,codex,gpt-6-astra,high,True,True,False,"Path tile (3, 3) must use terrain 0","Update `res://assets/tile_set.tres` to add a terrain set for the half-offset square tileset. Create a terrain set in Match Corners mode with a single terrain named `Path`; the terrain set uses the dirt path tiles against grass default. Configure all terrain peer bits correctly so all the 15 path tiles autotile properly (include grass as default and ignore the bordered path tile in the tileset, which should be unused in this autotile). Do not change the existing tile shape or other metadata.",D:\ShaderAgent\re\gamedevbench-main\gamedevbench-main\tasks\task_0185\scripts\test.gd,D:\ShaderAgent\re\gamedevbench-main\gamedevbench-main\tasks\task_0185.zip,D:\ShaderAgent\re\gamedevbench-main\gamedevbench-main\tasks_gt\task_0185,tasks/test_result/gpt6_astra_codex_runtime_video_high_full_333/task_0185_codex_20260907_075303,False,unreviewed,,,
task_0190,codex,gpt-6-astra,high,True,True,False,"Solid tile (17, 4) must use the standard full-tile collision polygon",Update `res://assets/tile_set.tres` so the remaining solid tiles that currently lack collision shapes are given collisions. Add collision boxes to the water pipe tiles and the solid leaf block tiles that are still missing them. Use the same single full-tile rectangular collision polygon already used by the other solid tiles. All other tiles should remain without collision.,D:\ShaderAgent\re\gamedevbench-main\gamedevbench-main\tasks\task_0190\scripts\test.gd,D:\ShaderAgent\re\gamedevbench-main\gamedevbench-main\tasks\task_0190.zip,D:\ShaderAgent\re\gamedevbench-main\gamedevbench-main\tasks_gt\task_0190,tasks/test_result/gpt6_astra_codex_runtime_video_high_full_333/task_0190_codex_20260907_074943,False,unreviewed,,,
task_0204,codex,gpt-6-astra,high,True,True,False,SpawnTop must line up with the bottom tip of the branch closest to the water,"Add a Node2D named SpawningPoints under the Trap node. Inside SpawningPoints, create two Marker2D children named SpawnTop and SpawnBot. Place one marker on the bottom tip of the branch closest to the water surface, and place the other marker at the rightmost bottom tip of the trunk of the tree; ensure each Marker2D's position is visually aligned with the sprite texture. Set SpawnBot's z_index to 1.",D:\ShaderAgent\re\gamedevbench-main\gamedevbench-main\tasks\task_0204\scripts\test.gd,D:\ShaderAgent\re\gamedevbench-main\gamedevbench-main\tasks\task_0204.zip,D:\ShaderAgent\re\gamedevbench-main\gamedevbench-main\tasks_gt\task_0204,tasks/test_result/gpt6_astra_codex_runtime_video_high_full_333/task_0204_codex_20260907_075151,False,unreviewed,,,
task_0205,codex,gpt-6-astra,high,True,True,False,SpawnTop must line up with the bottom tip of the branch closest to the water,"Add a Node2D named SpawningPoints under the Trap node. Inside SpawningPoints, create two Marker2D children named SpawnTop and SpawnBot. Place one marker on the bottom tip of the branch closest to the water surface, and place the other marker at the rightmost bottom tip of the trunk of the tree; ensure each Marker2D's position is visually aligned with the sprite texture. Set SpawnBot's z_index to 1.",D:\ShaderAgent\re\gamedevbench-main\gamedevbench-main\tasks\task_0205\scripts\test.gd,D:\ShaderAgent\re\gamedevbench-main\gamedevbench-main\tasks\task_0205.zip,D:\ShaderAgent\re\gamedevbench-main\gamedevbench-main\tasks_gt\task_0205,tasks/test_result/gpt6_astra_codex_runtime_video_high_full_333/task_0205_codex_20260907_075142,False,unreviewed,,,
task_0206,codex,gpt-6-astra,high,True,True,False,SpawnTop must line up with the bottom tip of the branch closest to the water,"Add a Node2D named SpawningPoints under the Trap node. Inside SpawningPoints, create two Marker2D children named SpawnTop and SpawnBot. Place one marker on the bottom tip of the branch closest to the water surface, and place the other marker at the rightmost bottom tip of the trunk of the tree; ensure each Marker2D's position is visually aligned with the sprite texture. Set SpawnBot's z_index to 1.",D:\ShaderAgent\re\gamedevbench-main\gamedevbench-main\tasks\task_0206\scripts\test.gd,D:\ShaderAgent\re\gamedevbench-main\gamedevbench-main\tasks\task_0206.zip,D:\ShaderAgent\re\gamedevbench-main\gamedevbench-main\tasks_gt\task_0206,tasks/test_result/gpt6_astra_codex_runtime_video_high_full_333/task_0206_codex_20260907_075218,False,unreviewed,,,
task_0207,codex,gpt-6-astra,high,True,True,False,SpawnTop must line up with the bottom tip of the branch closest to the water,"Add a Node2D named SpawningPoints under the Trap node. Inside SpawningPoints, create two Marker2D children named SpawnTop and SpawnBot. Place one marker on the bottom tip of the branch closest to the water surface, and place the other marker at the rightmost bottom tip of the trunk of the tree; ensure each Marker2D's position is visually aligned with the sprite texture. Set SpawnBot's z_index to 1.",D:\ShaderAgent\re\gamedevbench-main\gamedevbench-main\tasks\task_0207\scripts\test.gd,D:\ShaderAgent\re\gamedevbench-main\gamedevbench-main\tasks\task_0207.zip,D:\ShaderAgent\re\gamedevbench-main\gamedevbench-main\tasks_gt\task_0207,tasks/test_result/gpt6_astra_codex_runtime_video_high_full_333/task_0207_codex_20260907_075150,False,unreviewed,,,
task_0208,codex,gpt-6-astra,high,True,True,False,SpawnTop must line up with the bottom tip of the branch closest to the water,"Add a Node2D named SpawningPoints under the Trap node. Inside SpawningPoints, create two Marker2D children named SpawnTop and SpawnBot. Place one marker on the bottom tip of the branch closest to the water surface, and place the other marker at the rightmost bottom tip of the trunk of the tree; ensure each Marker2D's position is visually aligned with the sprite texture. Set SpawnBot's z_index to 1.",D:\ShaderAgent\re\gamedevbench-main\gamedevbench-main\tasks\task_0208\scripts\test.gd,D:\ShaderAgent\re\gamedevbench-main\gamedevbench-main\tasks\task_0208.zip,D:\ShaderAgent\re\gamedevbench-main\gamedevbench-main\tasks_gt\task_0208,tasks/test_result/gpt6_astra_codex_runtime_video_high_full_333/task_0208_codex_20260907_075202,False,unreviewed,,,
task_0209,codex,gpt-6-astra,high,True,True,False,SpawnTop must line up with the bottom tip of the branch closest to the water,"Add a Node2D named SpawningPoints under the Trap node. Inside SpawningPoints, create two Marker2D children named SpawnTop and SpawnBot. Place one marker on the bottom tip of the branch closest to the water surface, and place the other marker at the rightmost bottom tip of the trunk of the tree; ensure each Marker2D's position is visually aligned with the sprite texture. Set SpawnBot's z_index to 1.",D:\ShaderAgent\re\gamedevbench-main\gamedevbench-main\tasks\task_0209\scripts\test.gd,D:\ShaderAgent\re\gamedevbench-main\gamedevbench-main\tasks\task_0209.zip,D:\ShaderAgent\re\gamedevbench-main\gamedevbench-main\tasks_gt\task_0209,tasks/test_result/gpt6_astra_codex_runtime_video_high_full_333/task_0209_codex_20260907_075225,False,unreviewed,,,
task_0210,codex,gpt-6-astra,high,True,True,False,SpawnTop must line up with the bottom tip of the branch closest to the water,"Add a Node2D named SpawningPoints under the Trap node. Inside SpawningPoints, create two Marker2D children named SpawnTop and SpawnBot. Place one marker on the bottom tip of the branch closest to the water surface, and place the other marker at the rightmost bottom tip of the trunk of the tree; ensure each Marker2D's position is visually aligned with the sprite texture. Set SpawnBot's z_index to 1.",D:\ShaderAgent\re\gamedevbench-main\gamedevbench-main\tasks\task_0210\scripts\test.gd,D:\ShaderAgent\re\gamedevbench-main\gamedevbench-main\tasks\task_0210.zip,D:\ShaderAgent\re\gamedevbench-main\gamedevbench-main\tasks_gt\task_0210,tasks/test_result/gpt6_astra_codex_runtime_video_high_full_333/task_0210_codex_20260907_075249,False,unreviewed,,,
task_0211,codex,gpt-6-astra,high,True,True,False,SpawnTop must line up with the bottom tip of the branch closest to the water,"Rotate the Sprite2D back to 0 and scale it back to Vector2(0.07473366, 0.08652595). Add a Node2D named SpawningPoints under the Trap node. Inside SpawningPoints, create two Marker2D children named SpawnTop and SpawnBot. Place one marker on the bottom tip of the branch closest to the water surface, and place the other marker at the rightmost bottom tip of the trunk of the tree; ensure each Marker2D's position is visually aligned with the sprite texture. Set SpawnBot's z_index to 1.",D:\ShaderAgent\re\gamedevbench-main\gamedevbench-main\tasks\task_0211\scripts\test.gd,D:\ShaderAgent\re\gamedevbench-main\gamedevbench-main\tasks\task_0211.zip,D:\ShaderAgent\re\gamedevbench-main\gamedevbench-main\tasks_gt\task_0211,tasks/test_result/gpt6_astra_codex_runtime_video_high_full_333/task_0211_codex_20260907_075252,False,unreviewed,,,
task_0212,codex,gpt-6-astra,high,True,True,False,SpawnTop must line up with the bottom tip of the branch closest to the water,"Rotate the Sprite2D back to 0 and scale it back to Vector2(0.07473366, 0.08652595). Add a Node2D named SpawningPoints under the Trap node. Inside SpawningPoints, create two Marker2D children named SpawnTop and SpawnBot. Place one marker on the bottom tip of the branch closest to the water surface, and place the other marker at the rightmost bottom tip of the trunk of the tree; ensure each Marker2D's position is visually aligned with the sprite texture. Set SpawnBot's z_index to 1.",D:\ShaderAgent\re\gamedevbench-main\gamedevbench-main\tasks\task_0212\scripts\test.gd,D:\ShaderAgent\re\gamedevbench-main\gamedevbench-main\tasks\task_0212.zip,D:\ShaderAgent\re\gamedevbench-main\gamedevbench-main\tasks_gt\task_0212,tasks/test_result/gpt6_astra_codex_runtime_video_high_full_333/task_0212_codex_20260907_075311,False,unreviewed,,,
task_0213,codex,gpt-6-astra,high,True,True,False,SpawnTop must line up with the bottom tip of the branch closest to the water,"Rotate the Sprite2D back to 0 and scale it back to Vector2(0.07473366, 0.08652595). Add a Node2D named SpawningPoints under the Trap node. Inside SpawningPoints, create two Marker2D children named SpawnTop and SpawnBot. Place one marker on the bottom tip of the branch closest to the water surface, and place the other marker at the rightmost bottom tip of the trunk of the tree; ensure each Marker2D's position is visually aligned with the sprite texture. Set SpawnBot's z_index to 1.",D:\ShaderAgent\re\gamedevbench-main\gamedevbench-main\tasks\task_0213\scripts\test.gd,D:\ShaderAgent\re\gamedevbench-main\gamedevbench-main\tasks\task_0213.zip,D:\ShaderAgent\re\gamedevbench-main\gamedevbench-main\tasks_gt\task_0213,tasks/test_result/gpt6_astra_codex_runtime_video_high_full_333/task_0213_codex_20260907_075328,False,unreviewed,,,
task_0214,codex,gpt-6-astra,high,True,True,False,SpawnTop must line up with the bottom tip of the branch closest to the water,"Rotate the Sprite2D back to 0 and scale it back to Vector2(0.07473366, 0.08652595). Add a Node2D named SpawningPoints under the Trap node. Inside SpawningPoints, create two Marker2D children named SpawnTop and SpawnBot. Place one marker on the bottom tip of the branch closest to the water surface, and place the other marker at the rightmost bottom tip of the trunk of the tree; ensure each Marker2D's position is visually aligned with the sprite texture. Set SpawnBot's z_index to 1.",D:\ShaderAgent\re\gamedevbench-main\gamedevbench-main\tasks\task_0214\scripts\test.gd,D:\ShaderAgent\re\gamedevbench-main\gamedevbench-main\tasks\task_0214.zip,D:\ShaderAgent\re\gamedevbench-main\gamedevbench-main\tasks_gt\task_0214,tasks/test_result/gpt6_astra_codex_runtime_video_high_full_333/task_0214_codex_20260907_075331,False,unreviewed,,,
task_0215,codex,gpt-6-astra,high,True,True,False,SpawnTop must line up with the bottom tip of the branch closest to the water,"Rotate the Sprite2D back to 0 and scale it back to Vector2(0.07473366, 0.08652595). Add a Node2D named SpawningPoints under the Trap node. Inside SpawningPoints, create two Marker2D children named SpawnTop and SpawnBot. Place one marker on the bottom tip of the branch closest to the water surface, and place the other marker at the rightmost bottom tip of the trunk of the tree; ensure each Marker2D's position is visually aligned with the sprite texture. Set SpawnBot's z_index to 1.",D:\ShaderAgent\re\gamedevbench-main\gamedevbench-main\tasks\task_0215\scripts\test.gd,D:\ShaderAgent\re\gamedevbench-main\gamedevbench-main\tasks\task_0215.zip,D:\ShaderAgent\re\gamedevbench-main\gamedevbench-main\tasks_gt\task_0215,tasks/test_result/gpt6_astra_codex_runtime_video_high_full_333/task_0215_codex_20260907_075406,False,unreviewed,,,
task_0216,codex,gpt-6-astra,high,True,True,False,CoinHighlight1 must tightly cover one of the coins with overlap above 90% (best IoU=0.8539),"Add a Node2D named CoinHighlights under the Level node. Inside CoinHighlights, create six semi-transparent circular Polygon2D nodes named CoinHighlight1 through CoinHighlight6. Place one very tight circle over each yellow star coin in the platformer image so each highlight closely covers its coin with minimal spill outside the coin.",D:\ShaderAgent\re\gamedevbench-main\gamedevbench-main\tasks\task_0216\scripts\test.gd,D:\ShaderAgent\re\gamedevbench-main\gamedevbench-main\tasks\task_0216.zip,D:\ShaderAgent\re\gamedevbench-main\gamedevbench-main\tasks_gt\task_0216,tasks/test_result/gpt6_astra_codex_runtime_video_high_full_333/task_0216_codex_20260907_075307,False,unreviewed,,,
task_0217,codex,gpt-6-astra,high,True,True,False,CoinHighlight1 must tightly cover one of the coins with overlap above 90% (best IoU=0.7825),"Add a Node2D named CoinHighlights under the Level node. Inside CoinHighlights, create six semi-transparent circular Polygon2D nodes named CoinHighlight1 through CoinHighlight6. Place one very tight circle over each yellow star coin in the platformer image so each highlight closely covers its coin with minimal spill outside the coin.",D:\ShaderAgent\re\gamedevbench-main\gamedevbench-main\tasks\task_0217\scripts\test.gd,D:\ShaderAgent\re\gamedevbench-main\gamedevbench-main\tasks\task_0217.zip,D:\ShaderAgent\re\gamedevbench-main\gamedevbench-main\tasks_gt\task_0217,tasks/test_result/gpt6_astra_codex_runtime_video_high_full_333/task_0217_codex_20260907_075356,False,unreviewed,,,
task_0218,codex,gpt-6-astra,high,True,True,False,CoinHighlight1 must tightly cover one of the coins with overlap above 90% (best IoU=0.7527),"Add a Node2D named CoinHighlights under the Level node. Inside CoinHighlights, create six semi-transparent circular Polygon2D nodes named CoinHighlight1 through CoinHighlight6. Place one very tight circle over each yellow star coin in the platformer image so each highlight closely covers its coin with minimal spill outside the coin.",D:\ShaderAgent\re\gamedevbench-main\gamedevbench-main\tasks\task_0218\scripts\test.gd,D:\ShaderAgent\re\gamedevbench-main\gamedevbench-main\tasks\task_0218.zip,D:\ShaderAgent\re\gamedevbench-main\gamedevbench-main\tasks_gt\task_0218,tasks/test_result/gpt6_astra_codex_runtime_video_high_full_333/task_0218_codex_20260907_075352,False,unreviewed,,,
task_0219,codex,gpt-6-astra,high,True,True,False,CoinHighlight1 must tightly cover one of the coins with overlap above 90% (best IoU=0.8191),"Add a Node2D named CoinHighlights under the Level node. Inside CoinHighlights, create six semi-transparent circular Polygon2D nodes named CoinHighlight1 through CoinHighlight6. Place one very tight circle over each yellow star coin in the platformer image so each highlight closely covers its coin with minimal spill outside the coin.",D:\ShaderAgent\re\gamedevbench-main\gamedevbench-main\tasks\task_0219\scripts\test.gd,D:\ShaderAgent\re\gamedevbench-main\gamedevbench-main\tasks\task_0219.zip,D:\ShaderAgent\re\gamedevbench-main\gamedevbench-main\tasks_gt\task_0219,tasks/test_result/gpt6_astra_codex_runtime_video_high_full_333/task_0219_codex_20260907_075401,False,unreviewed,,,
task_0220,codex,gpt-6-astra,high,True,True,False,CoinHighlight1 must tightly cover one of the coins with overlap above 90% (best IoU=0.8079),"Add a Node2D named CoinHighlights under the Level node. Inside CoinHighlights, create six semi-transparent circular Polygon2D nodes named CoinHighlight1 through CoinHighlight6. Place one very tight circle over each yellow star coin in the platformer image so each highlight closely covers its coin with minimal spill outside the coin.",D:\ShaderAgent\re\gamedevbench-main\gamedevbench-main\tasks\task_0220\scripts\test.gd,D:\ShaderAgent\re\gamedevbench-main\gamedevbench-main\tasks\task_0220.zip,D:\ShaderAgent\re\gamedevbench-main\gamedevbench-main\tasks_gt\task_0220,tasks/test_result/gpt6_astra_codex_runtime_video_high_full_333/task_0220_codex_20260907_075400,False,unreviewed,,,
task_0221,codex,gpt-6-astra,high,True,True,False,CoinHighlight1 must tightly cover one of the coins with overlap above 90% (best IoU=0.8539),"Add a Node2D named CoinHighlights under the Level node. Inside CoinHighlights, create six semi-transparent circular Polygon2D nodes named CoinHighlight1 through CoinHighlight6. Place one very tight circle over each yellow star coin in the platformer image so each highlight closely covers its coin with minimal spill outside the coin.",D:\ShaderAgent\re\gamedevbench-main\gamedevbench-main\tasks\task_0221\scripts\test.gd,D:\ShaderAgent\re\gamedevbench-main\gamedevbench-main\tasks\task_0221.zip,D:\ShaderAgent\re\gamedevbench-main\gamedevbench-main\tasks_gt\task_0221,tasks/test_result/gpt6_astra_codex_runtime_video_high_full_333/task_0221_codex_20260907_075348,False,unreviewed,,,
task_0222,codex,gpt-6-astra,high,True,True,False,CoinHighlight1 must tightly cover one of the coins with overlap above 90% (best IoU=0.8692),"Rotate the Level node to 0.37 radians. Add a Node2D named CoinHighlights under the Level node. Inside CoinHighlights, create six semi-transparent circular Polygon2D nodes named CoinHighlight1 through CoinHighlight6. Place one very tight circle over each yellow star coin in the rotated platformer image so each highlight closely covers its coin with minimal spill outside the coin.",D:\ShaderAgent\re\gamedevbench-main\gamedevbench-main\tasks\task_0222\scripts\test.gd,D:\ShaderAgent\re\gamedevbench-main\gamedevbench-main\tasks\task_0222.zip,D:\ShaderAgent\re\gamedevbench-main\gamedevbench-main\tasks_gt\task_0222,tasks/test_result/gpt6_astra_codex_runtime_video_high_full_333/task_0222_codex_20260907_075432,False,unreviewed,,,
task_0223,codex,gpt-6-astra,high,True,True,False,CoinHighlight1 must tightly cover one of the coins with overlap above 90% (best IoU=0.8124),"Rotate the Level node to -0.43 radians. Add a Node2D named CoinHighlights under the Level node. Inside CoinHighlights, create six semi-transparent circular Polygon2D nodes named CoinHighlight1 through CoinHighlight6. Place one very tight circle over each yellow star coin in the rotated platformer image so each highlight closely covers its coin with minimal spill outside the coin.",D:\ShaderAgent\re\gamedevbench-main\gamedevbench-main\tasks\task_0223\scripts\test.gd,D:\ShaderAgent\re\gamedevbench-main\gamedevbench-main\tasks\task_0223.zip,D:\ShaderAgent\re\gamedevbench-main\gamedevbench-main\tasks_gt\task_0223,tasks/test_result/gpt6_astra_codex_runtime_video_high_full_333/task_0223_codex_20260907_075415,False,unreviewed,,,
task_0224,codex,gpt-6-astra,high,True,True,False,CoinHighlight1 must tightly cover one of the coins with overlap above 90% (best IoU=0.8319),"Rotate the Level node to 0.22 radians. Add a Node2D named CoinHighlights under the Level node. Inside CoinHighlights, create six semi-transparent circular Polygon2D nodes named CoinHighlight1 through CoinHighlight6. Place one very tight circle over each yellow star coin in the rotated platformer image so each highlight closely covers its coin with minimal spill outside the coin.",D:\ShaderAgent\re\gamedevbench-main\gamedevbench-main\tasks\task_0224\scripts\test.gd,D:\ShaderAgent\re\gamedevbench-main\gamedevbench-main\tasks\task_0224.zip,D:\ShaderAgent\re\gamedevbench-main\gamedevbench-main\tasks_gt\task_0224,tasks/test_result/gpt6_astra_codex_runtime_video_high_full_333/task_0224_codex_20260907_075415,False,unreviewed,,,
task_0225,codex,gpt-6-astra,high,True,True,False,CoinHighlight1 must tightly cover one of the coins with overlap above 90% (best IoU=0.8642),"Rotate the Level node to -0.11 radians. Add a Node2D named CoinHighlights under the Level node. Inside CoinHighlights, create six semi-transparent circular Polygon2D nodes named CoinHighlight1 through CoinHighlight6. Place one very tight circle over each yellow star coin in the rotated platformer image so each highlight closely covers its coin with minimal spill outside the coin.",D:\ShaderAgent\re\gamedevbench-main\gamedevbench-main\tasks\task_0225\scripts\test.gd,D:\ShaderAgent\re\gamedevbench-main\gamedevbench-main\tasks\task_0225.zip,D:\ShaderAgent\re\gamedevbench-main\gamedevbench-main\tasks_gt\task_0225,tasks/test_result/gpt6_astra_codex_runtime_video_high_full_333/task_0225_codex_20260907_075509,False,unreviewed,,,
task_0226,codex,gpt-6-astra,high,True,True,False,CoinHighlight1 must tightly cover one of the coins with overlap above 90% (best IoU=0.8166),"Rotate the Level node to 0.04 radians. Add a Node2D named CoinHighlights under the Level node. Inside CoinHighlights, create six semi-transparent circular Polygon2D nodes named CoinHighlight1 through CoinHighlight6. Place one very tight circle over each yellow star coin in the rotated platformer image so each highlight closely covers its coin with minimal spill outside the coin.",D:\ShaderAgent\re\gamedevbench-main\gamedevbench-main\tasks\task_0226\scripts\test.gd,D:\ShaderAgent\re\gamedevbench-main\gamedevbench-main\tasks\task_0226.zip,D:\ShaderAgent\re\gamedevbench-main\gamedevbench-main\tasks_gt\task_0226,tasks/test_result/gpt6_astra_codex_runtime_video_high_full_333/task_0226_codex_20260907_075510,False,unreviewed,,,
task_0227,codex,gpt-6-astra,high,True,True,False,StarHighlight must cover the star with overlap above 85% (IoU=0.6275),"Keep the Level node aligned to the viewport with position (53, 5.5), scale (0.65, 0.65), and rotation 0. Keep Sprite2D using assets/sprites/platformer_coins.jpg with centered set to false. Add a Node2D named StarHighlights under the Level node. Inside StarHighlights, create a semi-transparent Polygon2D named StarHighlight. Shape and place the polygon so it matches the single yellow star collectible near the top of the platformer image as closely as possible, with minimal spill outside the star.",D:\ShaderAgent\re\gamedevbench-main\gamedevbench-main\tasks\task_0227\scripts\test.gd,D:\ShaderAgent\re\gamedevbench-main\gamedevbench-main\tasks\task_0227.zip,D:\ShaderAgent\re\gamedevbench-main\gamedevbench-main\tasks_gt\task_0227,tasks/test_result/gpt6_astra_codex_runtime_video_high_full_333/task_0227_codex_20260907_075437,False,unreviewed,,,
task_0228,codex,gpt-6-astra,high,True,True,False,StarHighlight must cover the star with overlap above 85% (IoU=0.6519),"Keep the Level node aligned to the viewport with position (147.06, 123.832), scale (0.58, 0.58), and rotation -0.1 radians. Keep Sprite2D using assets/sprites/platformer_coins.jpg with centered set to false. Add a Node2D named StarHighlights under the Level node. Inside StarHighlights, create a semi-transparent Polygon2D named StarHighlight. Shape and place the polygon so it matches the single yellow star collectible near the top of the platformer image as closely as possible, with minimal spill outside the star.",D:\ShaderAgent\re\gamedevbench-main\gamedevbench-main\tasks\task_0228\scripts\test.gd,D:\ShaderAgent\re\gamedevbench-main\gamedevbench-main\tasks\task_0228.zip,D:\ShaderAgent\re\gamedevbench-main\gamedevbench-main\tasks_gt\task_0228,tasks/test_result/gpt6_astra_codex_runtime_video_high_full_333/task_0228_codex_20260907_075515,False,unreviewed,,,
task_0229,codex,gpt-6-astra,high,True,True,False,StarHighlight must cover the star with overlap above 85% (IoU=0.6729),"Keep the Level node aligned to the viewport with position (182.04, 28.342), scale (0.6, 0.6), and rotation 0.08 radians. Keep Sprite2D using assets/sprites/platformer_coins.jpg with centered set to false. Add a Node2D named StarHighlights under the Level node. Inside StarHighlights, create a semi-transparent Polygon2D named StarHighlight. Shape and place the polygon so it matches the single yellow star collectible near the top of the platformer image as closely as possible, with minimal spill outside the star.",D:\ShaderAgent\re\gamedevbench-main\gamedevbench-main\tasks\task_0229\scripts\test.gd,D:\ShaderAgent\re\gamedevbench-main\gamedevbench-main\tasks\task_0229.zip,D:\ShaderAgent\re\gamedevbench-main\gamedevbench-main\tasks_gt\task_0229,tasks/test_result/gpt6_astra_codex_runtime_video_high_full_333/task_0229_codex_20260907_075509,False,unreviewed,,,
task_0230,codex,gpt-6-astra,high,True,True,False,StarHighlight must cover the star with overlap above 85% (IoU=0.6622),"Keep the Level node aligned to the viewport with position (163.975, 154.92), scale (0.55, 0.55), and rotation -0.14 radians. Keep Sprite2D using assets/sprites/platformer_coins.jpg with centered set to false. Add a Node2D named StarHighlights under the Level node. Inside StarHighlights, create a semi-transparent Polygon2D named StarHighlight. Shape and place the polygon so it matches the single yellow star collectible near the top of the platformer image as closely as possible, with minimal spill outside the star.",D:\ShaderAgent\re\gamedevbench-main\gamedevbench-main\tasks\task_0230\scripts\test.gd,D:\ShaderAgent\re\gamedevbench-main\gamedevbench-main\tasks\task_0230.zip,D:\ShaderAgent\re\gamedevbench-main\gamedevbench-main\tasks_gt\task_0230,tasks/test_result/gpt6_astra_codex_runtime_video_high_full_333/task_0230_codex_20260907_075520,False,unreviewed,,,
task_0231,codex,gpt-6-astra,high,True,True,False,StarHighlight must cover the star with overlap above 85% (IoU=0.6305),"Keep the Level node aligned to the viewport with position (184.431, 4.461), scale (0.61, 0.61), and rotation 0.12 radians. Keep Sprite2D using assets/sprites/platformer_coins.jpg with centered set to false. Add a Node2D named StarHighlights under the Level node. Inside StarHighlights, create a semi-transparent Polygon2D named StarHighlight. Shape and place the polygon so it matches the single yellow star collectible near the top of the platformer image as closely as possible, with minimal spill outside the star.",D:\ShaderAgent\re\gamedevbench-main\gamedevbench-main\tasks\task_0231\scripts\test.gd,D:\ShaderAgent\re\gamedevbench-main\gamedevbench-main\tasks\task_0231.zip,D:\ShaderAgent\re\gamedevbench-main\gamedevbench-main\tasks_gt\task_0231,tasks/test_result/gpt6_astra_codex_runtime_video_high_full_333/task_0231_codex_20260907_075511,False,unreviewed,,,
task_0232,codex,gpt-6-astra,high,True,True,False,StarHighlight must cover the star with overlap above 85% (IoU=0.5743),"Keep the Level node aligned to the viewport with position (165.228, 108.717), scale (0.57, 0.57), and rotation -0.06 radians. Keep Sprite2D using assets/sprites/platformer_coins.jpg with centered set to false. Add a Node2D named StarHighlights under the Level node. Inside StarHighlights, create a semi-transparent Polygon2D named StarHighlight. Shape and place the polygon so it matches the single yellow star collectible near the top of the platformer image as closely as possible, with minimal spill outside the star.",D:\ShaderAgent\re\gamedevbench-main\gamedevbench-main\tasks\task_0232\scripts\test.gd,D:\ShaderAgent\re\gamedevbench-main\gamedevbench-main\tasks\task_0232.zip,D:\ShaderAgent\re\gamedevbench-main\gamedevbench-main\tasks_gt\task_0232,tasks/test_result/gpt6_astra_codex_runtime_video_high_full_333/task_0232_codex_20260907_075547,False,unreviewed,,,
task_0233,codex,gpt-6-astra,high,True,True,False,StarHighlight must cover the star with overlap above 85% (IoU=0.6292),"Keep the Level node aligned to the viewport with position (213.586, 3.171), scale (0.59, 0.59), and rotation 0.15 radians. Keep Sprite2D using assets/sprites/platformer_coins.jpg with centered set to false. Add a Node2D named StarHighlights under the Level node. Inside StarHighlights, create a semi-transparent Polygon2D named StarHighlight. Shape and place the polygon so it matches the single yellow star collectible near the top of the platformer image as closely as possible, with minimal spill outside the star.",D:\ShaderAgent\re\gamedevbench-main\gamedevbench-main\tasks\task_0233\scripts\test.gd,D:\ShaderAgent\re\gamedevbench-main\gamedevbench-main\tasks\task_0233.zip,D:\ShaderAgent\re\gamedevbench-main\gamedevbench-main\tasks_gt\task_0233,tasks/test_result/gpt6_astra_codex_runtime_video_high_full_333/task_0233_codex_20260907_075548,False,unreviewed,,,
task_0234,codex,gpt-6-astra,high,True,True,False,StarHighlight must cover the star with overlap above 85% (IoU=0.5984),"Keep the Level node aligned to the viewport with position (173.749, 180.879), scale (0.53, 0.53), and rotation -0.18 radians. Keep Sprite2D using assets/sprites/platformer_coins.jpg with centered set to false. Add a Node2D named StarHighlights under the Level node. Inside StarHighlights, create a semi-transparent Polygon2D named StarHighlight. Shape and place the polygon so it matches the single yellow star collectible near the top of the platformer image as closely as possible, with minimal spill outside the star.",D:\ShaderAgent\re\gamedevbench-main\gamedevbench-main\tasks\task_0234\scripts\test.gd,D:\ShaderAgent\re\gamedevbench-main\gamedevbench-main\tasks\task_0234.zip,D:\ShaderAgent\re\gamedevbench-main\gamedevbench-main\tasks_gt\task_0234,tasks/test_result/gpt6_astra_codex_runtime_video_high_full_333/task_0234_codex_20260907_075548,False,unreviewed,,,
task_0235,codex,gpt-6-astra,high,True,True,False,StarHighlight must cover the star with overlap above 85% (IoU=0.6640),"Keep the Level node aligned to the viewport with position (161.296, 41.702), scale (0.61, 0.61), and rotation 0.04 radians. Keep Sprite2D using assets/sprites/platformer_coins.jpg with centered set to false. Add a Node2D named StarHighlights under the Level node. Inside StarHighlights, create a semi-transparent Polygon2D named StarHighlight. Shape and place the polygon so it matches the single yellow star collectible near the top of the platformer image as closely as possible, with minimal spill outside the star.",D:\ShaderAgent\re\gamedevbench-main\gamedevbench-main\tasks\task_0235\scripts\test.gd,D:\ShaderAgent\re\gamedevbench-main\gamedevbench-main\tasks\task_0235.zip,D:\ShaderAgent\re\gamedevbench-main\gamedevbench-main\tasks_gt\task_0235,tasks/test_result/gpt6_astra_codex_runtime_video_high_full_333/task_0235_codex_20260907_075553,False,unreviewed,,,
task_0236,codex,gpt-6-astra,high,True,True,False,StarHighlight must cover the star with overlap above 85% (IoU=0.6332),"Keep the Level node aligned to the viewport with position (211.163, 22.665), scale (0.55, 0.55), and rotation 0.16 radians. Keep Sprite2D using assets/sprites/platformer_coins.jpg with centered set to false. Add a Node2D named StarHighlights under the Level node. Inside StarHighlights, create a semi-transparent Polygon2D named StarHighlight. Shape and place the polygon so it matches the single yellow star collectible near the top of the platformer image as closely as possible, with minimal spill outside the star.",D:\ShaderAgent\re\gamedevbench-main\gamedevbench-main\tasks\task_0236\scripts\test.gd,D:\ShaderAgent\re\gamedevbench-main\gamedevbench-main\tasks\task_0236.zip,D:\ShaderAgent\re\gamedevbench-main\gamedevbench-main\tasks_gt\task_0236,tasks/test_result/gpt6_astra_codex_runtime_video_high_full_333/task_0236_codex_20260907_075615,False,unreviewed,,,
task_0237,codex,gpt-6-astra,high,True,True,False,StarHighlight must stay inside the platformer image bounds,"Keep the Level node aligned to the viewport with position (115.625, 61.995), scale (0.64, 0.64), and rotation -0.03 radians. Keep Sprite2D using assets/sprites/platformer_coins.jpg with centered set to false. Add a Node2D named StarHighlights under the Level node. Inside StarHighlights, create a semi-transparent Polygon2D named StarHighlight. Shape and place the polygon so it matches the single yellow star collectible near the top of the platformer image as closely as possible, with minimal spill outside the star.",D:\ShaderAgent\re\gamedevbench-main\gamedevbench-main\tasks\task_0237\scripts\test.gd,D:\ShaderAgent\re\gamedevbench-main\gamedevbench-main\tasks\task_0237.zip,D:\ShaderAgent\re\gamedevbench-main\gamedevbench-main\tasks_gt\task_0237,tasks/test_result/gpt6_astra_codex_runtime_video_high_full_333/task_0237_codex_20260907_075611,False,unreviewed,,,
task_0238,codex,gpt-6-astra,high,True,True,False,GemstoneHighlight should use a purple or pink-purple tint,"Keep the Level node aligned to the viewport with position (53, 5.5), scale (0.65, 0.65), and rotation 0. Keep Sprite2D using assets/sprites/platformer_coins.jpg with centered set to false. Add a Node2D named GemstoneHighlights under the Level node. Inside GemstoneHighlights, create a semi-transparent Polygon2D named GemstoneHighlight. Shape and place the polygon so it closely covers the gemstone.",D:\ShaderAgent\re\gamedevbench-main\gamedevbench-main\tasks\task_0238\scripts\test.gd,D:\ShaderAgent\re\gamedevbench-main\gamedevbench-main\tasks\task_0238.zip,D:\ShaderAgent\re\gamedevbench-main\gamedevbench-main\tasks_gt\task_0238,tasks/test_result/gpt6_astra_codex_runtime_video_high_full_333/task_0238_codex_20260907_075551,False,unreviewed,,,
task_0240,codex,gpt-6-astra,high,True,True,False,GemstoneHighlight must cover the gemstone with overlap above 85% (IoU=0.8251),"Keep the Level node aligned to the viewport with position (170.225, 12.571), scale (0.62, 0.62), and rotation 0.09 radians. Keep Sprite2D using assets/sprites/platformer_coins.jpg with centered set to false. Add a Node2D named GemstoneHighlights under the Level node. Inside GemstoneHighlights, create a semi-transparent Polygon2D named GemstoneHighlight. Shape and place the polygon so it closely covers the gemstone.",D:\ShaderAgent\re\gamedevbench-main\gamedevbench-main\tasks\task_0240\scripts\test.gd,D:\ShaderAgent\re\gamedevbench-main\gamedevbench-main\tasks\task_0240.zip,D:\ShaderAgent\re\gamedevbench-main\gamedevbench-main\tasks_gt\task_0240,tasks/test_result/gpt6_astra_codex_runtime_video_high_full_333/task_0240_codex_20260907_075553,False,unreviewed,,,
task_0244,codex,gpt-6-astra,high,True,True,False,GemstoneHighlight should use a purple or pink-purple tint,"Keep the Level node aligned to the viewport with position (188.509, -25.555), scale (0.63, 0.63), and rotation 0.16 radians. Keep Sprite2D using assets/sprites/platformer_coins.jpg with centered set to false. Add a Node2D named GemstoneHighlights under the Level node. Inside GemstoneHighlights, create a semi-transparent Polygon2D named GemstoneHighlight. Shape and place the polygon so it closely covers the gemstone.",D:\ShaderAgent\re\gamedevbench-main\gamedevbench-main\tasks\task_0244\scripts\test.gd,D:\ShaderAgent\re\gamedevbench-main\gamedevbench-main\tasks\task_0244.zip,D:\ShaderAgent\re\gamedevbench-main\gamedevbench-main\tasks_gt\task_0244,tasks/test_result/gpt6_astra_codex_runtime_video_high_full_333/task_0244_codex_20260907_075641,False,unreviewed,,,
task_0245,codex,gpt-6-astra,high,True,True,False,GemstoneHighlight should use a purple or pink-purple tint,"Keep the Level node aligned to the viewport with position (180.812, 188.842), scale (0.52, 0.52), and rotation -0.19 radians. Keep Sprite2D using assets/sprites/platformer_coins.jpg with centered set to false. Add a Node2D named GemstoneHighlights under the Level node. Inside GemstoneHighlights, create a semi-transparent Polygon2D named GemstoneHighlight. Shape and place the polygon so it closely covers the gemstone.",D:\ShaderAgent\re\gamedevbench-main\gamedevbench-main\tasks\task_0245\scripts\test.gd,D:\ShaderAgent\re\gamedevbench-main\gamedevbench-main\tasks\task_0245.zip,D:\ShaderAgent\re\gamedevbench-main\gamedevbench-main\tasks_gt\task_0245,tasks/test_result/gpt6_astra_codex_runtime_video_high_full_333/task_0245_codex_20260907_075643,False,unreviewed,,,
task_0248,codex,gpt-6-astra,high,True,True,False,GemstoneHighlight must cover the gemstone with overlap above 85% (IoU=0.8251),"Keep the Level node aligned to the viewport with position (118.631, 56.766), scale (0.64, 0.64), and rotation -0.02 radians. Keep Sprite2D using assets/sprites/platformer_coins.jpg with centered set to false. Add a Node2D named GemstoneHighlights under the Level node. Inside GemstoneHighlights, create a semi-transparent Polygon2D named GemstoneHighlight. Shape and place the polygon so it closely covers the gemstone.",D:\ShaderAgent\re\gamedevbench-main\gamedevbench-main\tasks\task_0248\scripts\test.gd,D:\ShaderAgent\re\gamedevbench-main\gamedevbench-main\tasks\task_0248.zip,D:\ShaderAgent\re\gamedevbench-main\gamedevbench-main\tasks_gt\task_0248,tasks/test_result/gpt6_astra_codex_runtime_video_high_full_333/task_0248_codex_20260907_075714,False,unreviewed,,,
task_0263,codex,gpt-6-astra,high,True,True,False,DetectRange.base_range_size must be 30.0,"Implement the hero-versus-goblin aggro targeting setup from the tutorial. In `res://data/units/unit_stats.gd`, define `TARGET = { Team.PLAYER: ""goblins"", Team.ENEMY: ""heroes"" }` so units can look up the opposing group name from their team. Create `res://custom_nodes/detect_range.gd` as `class_name DetectRange` extending `Area2D` with exported `col_shape: CollisionShape2D`, `base_range_size: float`, and `stats: UnitStats`; when `stats` is assigned, set `collision_layer` to `4 * (stats.team + 1)`, set `collision_mask` to `2 - stats.team`, and replace the collision shape with a `CircleShape2D` whose radius is `base_range_size * stats.attack_range`. Create `res://custom_nodes/target_finder.gd` as `class_name TargetFinder` extending `Node` with an exported `actor: BattleUnit`, a `target: BattleUnit`, a `targets_in_range: Array[BattleUnit]`, and a `targets_in_range_changed` signal. On ready, connect the actor's `DetectRange.area_entered` and `area_exited` signals to handlers that append or erase only `BattleUnit` instances and emit `targets_in_range_changed`. Implement `find_target()` so it uses `UnitStats.TARGET`, `get_nodes_in_group()`, and `distance_squared_to()` to store the closest opposing `BattleUnit` in `target`, and implement `has_target_in_range()` to return whether `targets_in_range` is non-empty. In `res://scenes/battle_unit/battle_unit.tscn`, add a `DetectRange` Area2D child with a `CollisionShape2D` child and a sibling `TargetFinder` node, wire both to the battle unit, and in `res://scenes/battle_unit/battle_unit.gd` expose them as `detect_range` and `target_finder` onready variables while assigning `detect_range.stats = stats` when battle-unit stats are set.",D:\ShaderAgent\re\gamedevbench-main\gamedevbench-main\tasks\task_0263\scripts\test.gd,D:\ShaderAgent\re\gamedevbench-main\gamedevbench-main\tasks\task_0263.zip,D:\ShaderAgent\re\gamedevbench-main\gamedevbench-main\tasks_gt\task_0263,tasks/test_result/gpt6_astra_codex_runtime_video_high_full_333/task_0263_codex_20260907_075939,False,unreviewed,,,
task_0264,codex,gpt-6-astra,high,True,True,False,DetectRange.base_range_size must be 24.0,"Implement the guard patrol intruder tracking setup from the tutorial. In `res://data/units/unit_stats.gd`, define `TARGET = { Team.PLAYER: ""intruders"", Team.ENEMY: ""guards"" }` so units can look up the opposing group name from their team. Create `res://custom_nodes/detect_range.gd` as `class_name DetectRange` extending `Area2D` with exported `col_shape: CollisionShape2D`, `base_range_size: float`, and `stats: UnitStats`; when `stats` is assigned, set `collision_layer` to `4 * (stats.team + 1)`, set `collision_mask` to `2 - stats.team`, and replace the collision shape with a `CircleShape2D` whose radius is `base_range_size * stats.attack_range`. Create `res://custom_nodes/target_finder.gd` as `class_name TargetFinder` extending `Node` with an exported `actor: BattleUnit`, a `target: BattleUnit`, a `targets_in_range: Array[BattleUnit]`, and a `targets_in_range_changed` signal. On ready, connect the actor's `DetectRange.area_entered` and `area_exited` signals to handlers that append or erase only `BattleUnit` instances and emit `targets_in_range_changed`. Implement `find_target()` so it uses `UnitStats.TARGET`, `get_nodes_in_group()`, and `distance_squared_to()` to store the closest opposing `BattleUnit` in `target`, and implement `has_target_in_range()` to return whether `targets_in_range` is non-empty. In `res://scenes/battle_unit/battle_unit.tscn`, add a `DetectRange` Area2D child with a `CollisionShape2D` child and a sibling `TargetFinder` node, wire both to the battle unit, and in `res://scenes/battle_unit/battle_unit.gd` expose them as `detect_range` and `target_finder` onready variables while assigning `detect_range.stats = stats` when battle-unit stats are set.",D:\ShaderAgent\re\gamedevbench-main\gamedevbench-main\tasks\task_0264\scripts\test.gd,D:\ShaderAgent\re\gamedevbench-main\gamedevbench-main\tasks\task_0264.zip,D:\ShaderAgent\re\gamedevbench-main\gamedevbench-main\tasks_gt\task_0264,tasks/test_result/gpt6_astra_codex_runtime_video_high_full_333/task_0264_codex_20260907_075954,False,unreviewed,,,
task_0265,codex,gpt-6-astra,high,True,True,False,DetectRange.base_range_size must be 28.0,"Implement the arena bot sensor targeting setup from the tutorial. In `res://data/units/unit_stats.gd`, define `TARGET = { Team.PLAYER: ""red_bots"", Team.ENEMY: ""blue_bots"" }` so units can look up the opposing group name from their team. Create `res://custom_nodes/detect_range.gd` as `class_name DetectRange` extending `Area2D` with exported `col_shape: CollisionShape2D`, `base_range_size: float`, and `stats: UnitStats`; when `stats` is assigned, set `collision_layer` to `4 * (stats.team + 1)`, set `collision_mask` to `2 - stats.team`, and replace the collision shape with a `CircleShape2D` whose radius is `base_range_size * stats.attack_range`. Create `res://custom_nodes/target_finder.gd` as `class_name TargetFinder` extending `Node` with an exported `actor: BattleUnit`, a `target: BattleUnit`, a `targets_in_range: Array[BattleUnit]`, and a `targets_in_range_changed` signal. On ready, connect the actor's `DetectRange.area_entered` and `area_exited` signals to handlers that append or erase only `BattleUnit` instances and emit `targets_in_range_changed`. Implement `find_target()` so it uses `UnitStats.TARGET`, `get_nodes_in_group()`, and `distance_squared_to()` to store the closest opposing `BattleUnit` in `target`, and implement `has_target_in_range()` to return whether `targets_in_range` is non-empty. In `res://scenes/battle_unit/battle_unit.tscn`, add a `DetectRange` Area2D child with a `CollisionShape2D` child and a sibling `TargetFinder` node, wire both to the battle unit, and in `res://scenes/battle_unit/battle_unit.gd` expose them as `detect_range` and `target_finder` onready variables while assigning `detect_range.stats = stats` when battle-unit stats are set.",D:\ShaderAgent\re\gamedevbench-main\gamedevbench-main\tasks\task_0265\scripts\test.gd,D:\ShaderAgent\re\gamedevbench-main\gamedevbench-main\tasks\task_0265.zip,D:\ShaderAgent\re\gamedevbench-main\gamedevbench-main\tasks_gt\task_0265,tasks/test_result/gpt6_astra_codex_runtime_video_high_full_333/task_0265_codex_20260907_080142,False,unreviewed,,,
task_0267,codex,gpt-6-astra,high,True,True,False,DetectRange.base_range_size must be 36.0,"Implement the autobattler combat-targeting setup from the tutorial. In `res://data/units/unit_stats.gd`, define `TARGET = { Team.PLAYER: ""enemy_units"", Team.ENEMY: ""player_units"" }` so units can look up the opposing group name from their team. Create `res://custom_nodes/detect_range.gd` as `class_name DetectRange` extending `Area2D` with exported `col_shape: CollisionShape2D`, `base_range_size: float`, and `stats: UnitStats`; when `stats` is assigned, set `collision_layer` to `4 * (stats.team + 1)`, set `collision_mask` to `2 - stats.team`, and replace the collision shape with a `CircleShape2D` whose radius is `base_range_size * stats.attack_range`. Create `res://custom_nodes/target_finder.gd` as `class_name TargetFinder` extending `Node` with an exported `actor: BattleUnit`, a `target: BattleUnit`, a `targets_in_range: Array[BattleUnit]`, and a `targets_in_range_changed` signal. On ready, connect the actor's `DetectRange.area_entered` and `area_exited` signals to handlers that append or erase only `BattleUnit` instances and emit `targets_in_range_changed`. Implement `find_target()` so it uses `UnitStats.TARGET`, `get_nodes_in_group()`, and `distance_squared_to()` to store the closest opposing `BattleUnit` in `target`, and implement `has_target_in_range()` to return whether `targets_in_range` is non-empty. In `res://scenes/battle_unit/battle_unit.tscn`, add a `DetectRange` Area2D child with a `CollisionShape2D` child and a sibling `TargetFinder` node, wire both to the battle unit, and in `res://scenes/battle_unit/battle_unit.gd` expose them as `detect_range` and `target_finder` onready variables while assigning `detect_range.stats = stats` when battle-unit stats are set.",D:\ShaderAgent\re\gamedevbench-main\gamedevbench-main\tasks\task_0267\scripts\test.gd,D:\ShaderAgent\re\gamedevbench-main\gamedevbench-main\tasks\task_0267.zip,D:\ShaderAgent\re\gamedevbench-main\gamedevbench-main\tasks_gt\task_0267,tasks/test_result/gpt6_astra_codex_runtime_video_high_full_333/task_0267_codex_20260907_080154,False,unreviewed,,,
task_0268,codex,gpt-6-astra,high,True,True,False,DetectRange.base_range_size must be 40.0,"Implement the squad skirmish engagement targeting setup from the tutorial. In `res://data/units/unit_stats.gd`, define `TARGET = { Team.PLAYER: ""hostiles"", Team.ENEMY: ""allies"" }` so units can look up the opposing group name from their team. Create `res://custom_nodes/detect_range.gd` as `class_name DetectRange` extending `Area2D` with exported `col_shape: CollisionShape2D`, `base_range_size: float`, and `stats: UnitStats`; when `stats` is assigned, set `collision_layer` to `4 * (stats.team + 1)`, set `collision_mask` to `2 - stats.team`, and replace the collision shape with a `CircleShape2D` whose radius is `base_range_size * stats.attack_range`. Create `res://custom_nodes/target_finder.gd` as `class_name TargetFinder` extending `Node` with an exported `actor: BattleUnit`, a `target: BattleUnit`, a `targets_in_range: Array[BattleUnit]`, and a `targets_in_range_changed` signal. On ready, connect the actor's `DetectRange.area_entered` and `area_exited` signals to handlers that append or erase only `BattleUnit` instances and emit `targets_in_range_changed`. Implement `find_target()` so it uses `UnitStats.TARGET`, `get_nodes_in_group()`, and `distance_squared_to()` to store the closest opposing `BattleUnit` in `target`, and implement `has_target_in_range()` to return whether `targets_in_range` is non-empty. In `res://scenes/battle_unit/battle_unit.tscn`, add a `DetectRange` Area2D child with a `CollisionShape2D` child and a sibling `TargetFinder` node, wire both to the battle unit, and in `res://scenes/battle_unit/battle_unit.gd` expose them as `detect_range` and `target_finder` onready variables while assigning `detect_range.stats = stats` when battle-unit stats are set.",D:\ShaderAgent\re\gamedevbench-main\gamedevbench-main\tasks\task_0268\scripts\test.gd,D:\ShaderAgent\re\gamedevbench-main\gamedevbench-main\tasks\task_0268.zip,D:\ShaderAgent\re\gamedevbench-main\gamedevbench-main\tasks_gt\task_0268,tasks/test_result/gpt6_astra_codex_runtime_video_high_full_333/task_0268_codex_20260907_080211,False,unreviewed,,,
task_0269,codex,gpt-6-astra,high,True,True,False,DetectRange.base_range_size must be 26.0,"Implement the security drone contact tracking setup from the tutorial. In `res://data/units/unit_stats.gd`, define `TARGET = { Team.PLAYER: ""intruders"", Team.ENEMY: ""security_drones"" }` so units can look up the opposing group name from their team. Create `res://custom_nodes/detect_range.gd` as `class_name DetectRange` extending `Area2D` with exported `col_shape: CollisionShape2D`, `base_range_size: float`, and `stats: UnitStats`; when `stats` is assigned, set `collision_layer` to `4 * (stats.team + 1)`, set `collision_mask` to `2 - stats.team`, and replace the collision shape with a `CircleShape2D` whose radius is `base_range_size * stats.attack_range`. Create `res://custom_nodes/target_finder.gd` as `class_name TargetFinder` extending `Node` with an exported `actor: BattleUnit`, a `target: BattleUnit`, a `targets_in_range: Array[BattleUnit]`, and a `targets_in_range_changed` signal. On ready, connect the actor's `DetectRange.area_entered` and `area_exited` signals to handlers that append or erase only `BattleUnit` instances and emit `targets_in_range_changed`. Implement `find_target()` so it uses `UnitStats.TARGET`, `get_nodes_in_group()`, and `distance_squared_to()` to store the closest opposing `BattleUnit` in `target`, and implement `has_target_in_range()` to return whether `targets_in_range` is non-empty. In `res://scenes/battle_unit/battle_unit.tscn`, add a `DetectRange` Area2D child with a `CollisionShape2D` child and a sibling `TargetFinder` node, wire both to the battle unit, and in `res://scenes/battle_unit/battle_unit.gd` expose them as `detect_range` and `target_finder` onready variables while assigning `detect_range.stats = stats` when battle-unit stats are set.",D:\ShaderAgent\re\gamedevbench-main\gamedevbench-main\tasks\task_0269\scripts\test.gd,D:\ShaderAgent\re\gamedevbench-main\gamedevbench-main\tasks\task_0269.zip,D:\ShaderAgent\re\gamedevbench-main\gamedevbench-main\tasks_gt\task_0269,tasks/test_result/gpt6_astra_codex_runtime_video_high_full_333/task_0269_codex_20260907_080212,False,unreviewed,,,
task_0270,codex,gpt-6-astra,high,True,True,False,DetectRange.base_range_size must be 34.0,"Implement the fleet radar target acquisition setup from the tutorial. In `res://data/units/unit_stats.gd`, define `TARGET = { Team.PLAYER: ""fleet_b"", Team.ENEMY: ""fleet_a"" }` so units can look up the opposing group name from their team. Create `res://custom_nodes/detect_range.gd` as `class_name DetectRange` extending `Area2D` with exported `col_shape: CollisionShape2D`, `base_range_size: float`, and `stats: UnitStats`; when `stats` is assigned, set `collision_layer` to `4 * (stats.team + 1)`, set `collision_mask` to `2 - stats.team`, and replace the collision shape with a `CircleShape2D` whose radius is `base_range_size * stats.attack_range`. Create `res://custom_nodes/target_finder.gd` as `class_name TargetFinder` extending `Node` with an exported `actor: BattleUnit`, a `target: BattleUnit`, a `targets_in_range: Array[BattleUnit]`, and a `targets_in_range_changed` signal. On ready, connect the actor's `DetectRange.area_entered` and `area_exited` signals to handlers that append or erase only `BattleUnit` instances and emit `targets_in_range_changed`. Implement `find_target()` so it uses `UnitStats.TARGET`, `get_nodes_in_group()`, and `distance_squared_to()` to store the closest opposing `BattleUnit` in `target`, and implement `has_target_in_range()` to return whether `targets_in_range` is non-empty. In `res://scenes/battle_unit/battle_unit.tscn`, add a `DetectRange` Area2D child with a `CollisionShape2D` child and a sibling `TargetFinder` node, wire both to the battle unit, and in `res://scenes/battle_unit/battle_unit.gd` expose them as `detect_range` and `target_finder` onready variables while assigning `detect_range.stats = stats` when battle-unit stats are set.",D:\ShaderAgent\re\gamedevbench-main\gamedevbench-main\tasks\task_0270\scripts\test.gd,D:\ShaderAgent\re\gamedevbench-main\gamedevbench-main\tasks\task_0270.zip,D:\ShaderAgent\re\gamedevbench-main\gamedevbench-main\tasks_gt\task_0270,tasks/test_result/gpt6_astra_codex_runtime_video_high_full_333/task_0270_codex_20260907_080250,False,unreviewed,,,
task_0271,codex,gpt-6-astra,high,True,True,False,DetectRange.base_range_size must be 22.0,"Implement the mage duel spell targeting setup from the tutorial. In `res://data/units/unit_stats.gd`, define `TARGET = { Team.PLAYER: ""warlocks"", Team.ENEMY: ""wizards"" }` so units can look up the opposing group name from their team. Create `res://custom_nodes/detect_range.gd` as `class_name DetectRange` extending `Area2D` with exported `col_shape: CollisionShape2D`, `base_range_size: float`, and `stats: UnitStats`; when `stats` is assigned, set `collision_layer` to `4 * (stats.team + 1)`, set `collision_mask` to `2 - stats.team`, and replace the collision shape with a `CircleShape2D` whose radius is `base_range_size * stats.attack_range`. Create `res://custom_nodes/target_finder.gd` as `class_name TargetFinder` extending `Node` with an exported `actor: BattleUnit`, a `target: BattleUnit`, a `targets_in_range: Array[BattleUnit]`, and a `targets_in_range_changed` signal. On ready, connect the actor's `DetectRange.area_entered` and `area_exited` signals to handlers that append or erase only `BattleUnit` instances and emit `targets_in_range_changed`. Implement `find_target()` so it uses `UnitStats.TARGET`, `get_nodes_in_group()`, and `distance_squared_to()` to store the closest opposing `BattleUnit` in `target`, and implement `has_target_in_range()` to return whether `targets_in_range` is non-empty. In `res://scenes/battle_unit/battle_unit.tscn`, add a `DetectRange` Area2D child with a `CollisionShape2D` child and a sibling `TargetFinder` node, wire both to the battle unit, and in `res://scenes/battle_unit/battle_unit.gd` expose them as `detect_range` and `target_finder` onready variables while assigning `detect_range.stats = stats` when battle-unit stats are set.",D:\ShaderAgent\re\gamedevbench-main\gamedevbench-main\tasks\task_0271\scripts\test.gd,D:\ShaderAgent\re\gamedevbench-main\gamedevbench-main\tasks\task_0271.zip,D:\ShaderAgent\re\gamedevbench-main\gamedevbench-main\tasks_gt\task_0271,tasks/test_result/gpt6_astra_codex_runtime_video_high_full_333/task_0271_codex_20260907_080204,False,unreviewed,,,
task_0272,codex,gpt-6-astra,high,True,True,False,DetectRange.base_range_size must be 38.0,"Implement the factory mech threat scanning setup from the tutorial. In `res://data/units/unit_stats.gd`, define `TARGET = { Team.PLAYER: ""saboteurs"", Team.ENEMY: ""workers"" }` so units can look up the opposing group name from their team. Create `res://custom_nodes/detect_range.gd` as `class_name DetectRange` extending `Area2D` with exported `col_shape: CollisionShape2D`, `base_range_size: float`, and `stats: UnitStats`; when `stats` is assigned, set `collision_layer` to `4 * (stats.team + 1)`, set `collision_mask` to `2 - stats.team`, and replace the collision shape with a `CircleShape2D` whose radius is `base_range_size * stats.attack_range`. Create `res://custom_nodes/target_finder.gd` as `class_name TargetFinder` extending `Node` with an exported `actor: BattleUnit`, a `target: BattleUnit`, a `targets_in_range: Array[BattleUnit]`, and a `targets_in_range_changed` signal. On ready, connect the actor's `DetectRange.area_entered` and `area_exited` signals to handlers that append or erase only `BattleUnit` instances and emit `targets_in_range_changed`. Implement `find_target()` so it uses `UnitStats.TARGET`, `get_nodes_in_group()`, and `distance_squared_to()` to store the closest opposing `BattleUnit` in `target`, and implement `has_target_in_range()` to return whether `targets_in_range` is non-empty. In `res://scenes/battle_unit/battle_unit.tscn`, add a `DetectRange` Area2D child with a `CollisionShape2D` child and a sibling `TargetFinder` node, wire both to the battle unit, and in `res://scenes/battle_unit/battle_unit.gd` expose them as `detect_range` and `target_finder` onready variables while assigning `detect_range.stats = stats` when battle-unit stats are set.",D:\ShaderAgent\re\gamedevbench-main\gamedevbench-main\tasks\task_0272\scripts\test.gd,D:\ShaderAgent\re\gamedevbench-main\gamedevbench-main\tasks\task_0272.zip,D:\ShaderAgent\re\gamedevbench-main\gamedevbench-main\tasks_gt\task_0272,tasks/test_result/gpt6_astra_codex_runtime_video_high_full_333/task_0272_codex_20260907_080230,False,unreviewed,,,
task_0273,codex,gpt-6-astra,high,True,True,False,DetectRange.base_range_size must be 27.0,"Implement the dungeon sentry alert targeting setup from the tutorial. In `res://data/units/unit_stats.gd`, define `TARGET = { Team.PLAYER: ""raiders"", Team.ENEMY: ""sentries"" }` so units can look up the opposing group name from their team. Create `res://custom_nodes/detect_range.gd` as `class_name DetectRange` extending `Area2D` with exported `col_shape: CollisionShape2D`, `base_range_size: float`, and `stats: UnitStats`; when `stats` is assigned, set `collision_layer` to `4 * (stats.team + 1)`, set `collision_mask` to `2 - stats.team`, and replace the collision shape with a `CircleShape2D` whose radius is `base_range_size * stats.attack_range`. Create `res://custom_nodes/target_finder.gd` as `class_name TargetFinder` extending `Node` with an exported `actor: BattleUnit`, a `target: BattleUnit`, a `targets_in_range: Array[BattleUnit]`, and a `targets_in_range_changed` signal. On ready, connect the actor's `DetectRange.area_entered` and `area_exited` signals to handlers that append or erase only `BattleUnit` instances and emit `targets_in_range_changed`. Implement `find_target()` so it uses `UnitStats.TARGET`, `get_nodes_in_group()`, and `distance_squared_to()` to store the closest opposing `BattleUnit` in `target`, and implement `has_target_in_range()` to return whether `targets_in_range` is non-empty. In `res://scenes/battle_unit/battle_unit.tscn`, add a `DetectRange` Area2D child with a `CollisionShape2D` child and a sibling `TargetFinder` node, wire both to the battle unit, and in `res://scenes/battle_unit/battle_unit.gd` expose them as `detect_range` and `target_finder` onready variables while assigning `detect_range.stats = stats` when battle-unit stats are set.",D:\ShaderAgent\re\gamedevbench-main\gamedevbench-main\tasks\task_0273\scripts\test.gd,D:\ShaderAgent\re\gamedevbench-main\gamedevbench-main\tasks\task_0273.zip,D:\ShaderAgent\re\gamedevbench-main\gamedevbench-main\tasks_gt\task_0273,tasks/test_result/gpt6_astra_codex_runtime_video_high_full_333/task_0273_codex_20260907_080248,False,unreviewed,,,
task_0281,codex,gpt-6-astra,high,True,True,False,Dragging state must reparent the card into the overlay_layer group,"Finish the card dragging mechanic for the alternate harness. The provided `res://scenes/main.tscn` harness keeps three `CardUI` instances under `HUD/CardRow`, and each card should continue using the existing `CardStateMachine`, `CardBaseState`, `CardClickedState`, and `CardDraggingState` nodes from `res://scenes/card_ui/card_ui.tscn`. In `res://scenes/card_ui/card_state_machine.gd`, initialize every child state, connect each state's `transition_requested` signal, enter the exported `initial_state`, and forward `_input` and `gui_input` to the active state while ignoring transition requests that do not come from the current state. In `res://scenes/card_ui/card_ui.gd`, call `card_state_machine.init(self)` in `_ready()`, forward the existing input callbacks into the state machine, and keep `targets` updated from the `DropPointDetector` area enter/exit callbacks without duplicates. In the card state scripts, make the base state emit `reparent_requested`, reset `DropPointDetector.monitoring` to `false`, and move to the clicked state on left-click, make the clicked state record `original_index`, enable `DropPointDetector.monitoring`, and transition to dragging on mouse motion, make the dragging state reparent the card into the node in the `overlay_layer` group, follow the mouse, cancel back to base on right-click, and only confirm release after `DRAG_MINIMUM_THRESHOLD := 0.04` has elapsed, and make the released state immediately remove the card when `targets` is not empty but otherwise go back to base on the next input. In `res://scenes/ui/hand.gd`, connect each new card's `reparent_requested` signal and restore cancelled drags back into `CardRow` at their recorded index.",D:\ShaderAgent\re\gamedevbench-main\gamedevbench-main\tasks\task_0281\scripts\test.gd,D:\ShaderAgent\re\gamedevbench-main\gamedevbench-main\tasks\task_0281.zip,D:\ShaderAgent\re\gamedevbench-main\gamedevbench-main\tasks_gt\task_0281,tasks/test_result/gpt6_astra_codex_runtime_video_high_full_333/task_0281_codex_20260907_080618,False,unreviewed,,,
task_0282,codex,gpt-6-astra,high,True,True,False,Dragging state must reparent the card into the drag_layer group,"Finish the card dragging mechanic for the alternate harness. The provided `res://scenes/main.tscn` harness keeps three `CardUI` instances under `ScreenUI/Grip`, and each card should continue using the existing `CardStateMachine`, `CardBaseState`, `CardClickedState`, and `CardDraggingState` nodes from `res://scenes/card_ui/card_ui.tscn`. In `res://scenes/card_ui/card_state_machine.gd`, initialize every child state, connect each state's `transition_requested` signal, enter the exported `initial_state`, and forward `_input` and `gui_input` to the active state while ignoring transition requests that do not come from the current state. In `res://scenes/card_ui/card_ui.gd`, call `card_state_machine.init(self)` in `_ready()`, forward the existing input callbacks into the state machine, and keep `targets` updated from the `DropPointDetector` area enter/exit callbacks without duplicates. In the card state scripts, make the base state emit `reparent_requested`, reset `DropPointDetector.monitoring` to `false`, and move to the clicked state on left-click, make the clicked state record `original_index`, enable `DropPointDetector.monitoring`, and transition to dragging on mouse motion, make the dragging state reparent the card into the node in the `drag_layer` group, follow the mouse, cancel back to base on right-click, and only confirm release after `DRAG_MINIMUM_THRESHOLD := 0.06` has elapsed, and make the released state immediately remove the card when `targets` is not empty but otherwise go back to base on the next input. In `res://scenes/ui/hand.gd`, connect each new card's `reparent_requested` signal and restore cancelled drags back into `Grip` at their recorded index.",D:\ShaderAgent\re\gamedevbench-main\gamedevbench-main\tasks\task_0282\scripts\test.gd,D:\ShaderAgent\re\gamedevbench-main\gamedevbench-main\tasks\task_0282.zip,D:\ShaderAgent\re\gamedevbench-main\gamedevbench-main\tasks_gt\task_0282,tasks/test_result/gpt6_astra_codex_runtime_video_high_full_333/task_0282_codex_20260907_080618,False,unreviewed,,,
task_0283,codex,gpt-6-astra,high,True,True,False,Dragging state must reparent the card into the card_layer group,"Finish the card dragging mechanic for the alternate harness. The provided `res://scenes/main.tscn` harness keeps three `CardUI` instances under `OverlayUI/Rack`, and each card should continue using the existing `CardStateMachine`, `CardBaseState`, `CardClickedState`, and `CardDraggingState` nodes from `res://scenes/card_ui/card_ui.tscn`. In `res://scenes/card_ui/card_state_machine.gd`, initialize every child state, connect each state's `transition_requested` signal, enter the exported `initial_state`, and forward `_input` and `gui_input` to the active state while ignoring transition requests that do not come from the current state. In `res://scenes/card_ui/card_ui.gd`, call `card_state_machine.init(self)` in `_ready()`, forward the existing input callbacks into the state machine, and keep `targets` updated from the `DropPointDetector` area enter/exit callbacks without duplicates. In the card state scripts, make the base state emit `reparent_requested`, reset `DropPointDetector.monitoring` to `false`, and move to the clicked state on left-click, make the clicked state record `original_index`, enable `DropPointDetector.monitoring`, and transition to dragging on mouse motion, make the dragging state reparent the card into the node in the `card_layer` group, follow the mouse, cancel back to base on right-click, and only confirm release after `DRAG_MINIMUM_THRESHOLD := 0.08` has elapsed, and make the released state immediately remove the card when `targets` is not empty but otherwise go back to base on the next input. In `res://scenes/ui/hand.gd`, connect each new card's `reparent_requested` signal and restore cancelled drags back into `Rack` at their recorded index.",D:\ShaderAgent\re\gamedevbench-main\gamedevbench-main\tasks\task_0283\scripts\test.gd,D:\ShaderAgent\re\gamedevbench-main\gamedevbench-main\tasks\task_0283.zip,D:\ShaderAgent\re\gamedevbench-main\gamedevbench-main\tasks_gt\task_0283,tasks/test_result/gpt6_astra_codex_runtime_video_high_full_333/task_0283_codex_20260907_080619,False,unreviewed,,,
task_0284,codex,gpt-6-astra,high,True,True,False,Dragging state must reparent the card into the ui_layer group,"Finish the card dragging mechanic from the tutorial. The provided `res://scenes/main.tscn` harness keeps three `CardUI` instances under `BattleUI/Hand`, and each card should continue using the existing `CardStateMachine`, `CardBaseState`, `CardClickedState`, and `CardDraggingState` nodes from `res://scenes/card_ui/card_ui.tscn`. In `res://scenes/card_ui/card_state_machine.gd`, initialize every child state, connect each state's `transition_requested` signal, enter the exported `initial_state`, and forward `_input` and `gui_input` to the active state while ignoring transition requests that do not come from the current state. In `res://scenes/card_ui/card_ui.gd`, call `card_state_machine.init(self)` in `_ready()`, forward the existing input callbacks into the state machine, and keep `targets` updated from the `DropPointDetector` area enter/exit callbacks without duplicates. In the card state scripts, make the base state emit `reparent_requested`, reset `DropPointDetector.monitoring` to `false`, and move to the clicked state on left-click, make the clicked state record `original_index`, enable `DropPointDetector.monitoring`, and transition to dragging on mouse motion, make the dragging state reparent the card into the node in the `ui_layer` group, follow the mouse, cancel back to base on right-click, and only confirm release after `DRAG_MINIMUM_THRESHOLD := 0.05` has elapsed, and make the released state immediately remove the card when `targets` is not empty but otherwise go back to base on the next input. In `res://scenes/ui/hand.gd`, connect each new card's `reparent_requested` signal and restore cancelled drags back into the hand at their recorded index.",D:\ShaderAgent\re\gamedevbench-main\gamedevbench-main\tasks\task_0284\scripts\test.gd,D:\ShaderAgent\re\gamedevbench-main\gamedevbench-main\tasks\task_0284.zip,D:\ShaderAgent\re\gamedevbench-main\gamedevbench-main\tasks_gt\task_0284,tasks/test_result/gpt6_astra_codex_runtime_video_high_full_333/task_0284_codex_20260907_080542,False,unreviewed,,,
task_0285,codex,gpt-6-astra,high,True,True,False,Dragging state must reparent the card into the float_layer group,"Finish the card dragging mechanic for the alternate harness. The provided `res://scenes/main.tscn` harness keeps three `CardUI` instances under `CombatHUD/Slots`, and each card should continue using the existing `CardStateMachine`, `CardBaseState`, `CardClickedState`, and `CardDraggingState` nodes from `res://scenes/card_ui/card_ui.tscn`. In `res://scenes/card_ui/card_state_machine.gd`, initialize every child state, connect each state's `transition_requested` signal, enter the exported `initial_state`, and forward `_input` and `gui_input` to the active state while ignoring transition requests that do not come from the current state. In `res://scenes/card_ui/card_ui.gd`, call `card_state_machine.init(self)` in `_ready()`, forward the existing input callbacks into the state machine, and keep `targets` updated from the `DropPointDetector` area enter/exit callbacks without duplicates. In the card state scripts, make the base state emit `reparent_requested`, reset `DropPointDetector.monitoring` to `false`, and move to the clicked state on left-click, make the clicked state record `original_index`, enable `DropPointDetector.monitoring`, and transition to dragging on mouse motion, make the dragging state reparent the card into the node in the `float_layer` group, follow the mouse, cancel back to base on right-click, and only confirm release after `DRAG_MINIMUM_THRESHOLD := 0.03` has elapsed, and make the released state immediately remove the card when `targets` is not empty but otherwise go back to base on the next input. In `res://scenes/ui/hand.gd`, connect each new card's `reparent_requested` signal and restore cancelled drags back into `Slots` at their recorded index.",D:\ShaderAgent\re\gamedevbench-main\gamedevbench-main\tasks\task_0285\scripts\test.gd,D:\ShaderAgent\re\gamedevbench-main\gamedevbench-main\tasks\task_0285.zip,D:\ShaderAgent\re\gamedevbench-main\gamedevbench-main\tasks_gt\task_0285,tasks/test_result/gpt6_astra_codex_runtime_video_high_full_333/task_0285_codex_20260907_080639,False,unreviewed,,,
task_0286,codex,gpt-6-astra,high,True,True,False,Dragging state must reparent the card into the front_layer group,"Finish the card dragging mechanic for the alternate harness. The provided `res://scenes/main.tscn` harness keeps three `CardUI` instances under `ActionUI/Tray`, and each card should continue using the existing `CardStateMachine`, `CardBaseState`, `CardClickedState`, and `CardDraggingState` nodes from `res://scenes/card_ui/card_ui.tscn`. In `res://scenes/card_ui/card_state_machine.gd`, initialize every child state, connect each state's `transition_requested` signal, enter the exported `initial_state`, and forward `_input` and `gui_input` to the active state while ignoring transition requests that do not come from the current state. In `res://scenes/card_ui/card_ui.gd`, call `card_state_machine.init(self)` in `_ready()`, forward the existing input callbacks into the state machine, and keep `targets` updated from the `DropPointDetector` area enter/exit callbacks without duplicates. In the card state scripts, make the base state emit `reparent_requested`, reset `DropPointDetector.monitoring` to `false`, and move to the clicked state on left-click, make the clicked state record `original_index`, enable `DropPointDetector.monitoring`, and transition to dragging on mouse motion, make the dragging state reparent the card into the node in the `front_layer` group, follow the mouse, cancel back to base on right-click, and only confirm release after `DRAG_MINIMUM_THRESHOLD := 0.07` has elapsed, and make the released state immediately remove the card when `targets` is not empty but otherwise go back to base on the next input. In `res://scenes/ui/hand.gd`, connect each new card's `reparent_requested` signal and restore cancelled drags back into `Tray` at their recorded index.",D:\ShaderAgent\re\gamedevbench-main\gamedevbench-main\tasks\task_0286\scripts\test.gd,D:\ShaderAgent\re\gamedevbench-main\gamedevbench-main\tasks\task_0286.zip,D:\ShaderAgent\re\gamedevbench-main\gamedevbench-main\tasks_gt\task_0286,tasks/test_result/gpt6_astra_codex_runtime_video_high_full_333/task_0286_codex_20260907_080540,False,unreviewed,,,
task_0287,codex,gpt-6-astra,high,True,True,False,Dragging state must reparent the card into the ui_drag_layer group,"Finish the card dragging mechanic for the alternate harness. The provided `res://scenes/main.tscn` harness keeps three `CardUI` instances under `BoardUI/HandBar`, and each card should continue using the existing `CardStateMachine`, `CardBaseState`, `CardClickedState`, and `CardDraggingState` nodes from `res://scenes/card_ui/card_ui.tscn`. In `res://scenes/card_ui/card_state_machine.gd`, initialize every child state, connect each state's `transition_requested` signal, enter the exported `initial_state`, and forward `_input` and `gui_input` to the active state while ignoring transition requests that do not come from the current state. In `res://scenes/card_ui/card_ui.gd`, call `card_state_machine.init(self)` in `_ready()`, forward the existing input callbacks into the state machine, and keep `targets` updated from the `DropPointDetector` area enter/exit callbacks without duplicates. In the card state scripts, make the base state emit `reparent_requested`, reset `DropPointDetector.monitoring` to `false`, and move to the clicked state on left-click, make the clicked state record `original_index`, enable `DropPointDetector.monitoring`, and transition to dragging on mouse motion, make the dragging state reparent the card into the node in the `ui_drag_layer` group, follow the mouse, cancel back to base on right-click, and only confirm release after `DRAG_MINIMUM_THRESHOLD := 0.09` has elapsed, and make the released state immediately remove the card when `targets` is not empty but otherwise go back to base on the next input. In `res://scenes/ui/hand.gd`, connect each new card's `reparent_requested` signal and restore cancelled drags back into `HandBar` at their recorded index.",D:\ShaderAgent\re\gamedevbench-main\gamedevbench-main\tasks\task_0287\scripts\test.gd,D:\ShaderAgent\re\gamedevbench-main\gamedevbench-main\tasks\task_0287.zip,D:\ShaderAgent\re\gamedevbench-main\gamedevbench-main\tasks_gt\task_0287,tasks/test_result/gpt6_astra_codex_runtime_video_high_full_333/task_0287_codex_20260907_080605,False,unreviewed,,,
task_0288,codex,gpt-6-astra,high,True,True,False,Dragging state must reparent the card into the hud_drag_layer group,"Finish the card dragging mechanic for the alternate harness. The provided `res://scenes/main.tscn` harness keeps three `CardUI` instances under `TacticalUI/Cards`, and each card should continue using the existing `CardStateMachine`, `CardBaseState`, `CardClickedState`, and `CardDraggingState` nodes from `res://scenes/card_ui/card_ui.tscn`. In `res://scenes/card_ui/card_state_machine.gd`, initialize every child state, connect each state's `transition_requested` signal, enter the exported `initial_state`, and forward `_input` and `gui_input` to the active state while ignoring transition requests that do not come from the current state. In `res://scenes/card_ui/card_ui.gd`, call `card_state_machine.init(self)` in `_ready()`, forward the existing input callbacks into the state machine, and keep `targets` updated from the `DropPointDetector` area enter/exit callbacks without duplicates. In the card state scripts, make the base state emit `reparent_requested`, reset `DropPointDetector.monitoring` to `false`, and move to the clicked state on left-click, make the clicked state record `original_index`, enable `DropPointDetector.monitoring`, and transition to dragging on mouse motion, make the dragging state reparent the card into the node in the `hud_drag_layer` group, follow the mouse, cancel back to base on right-click, and only confirm release after `DRAG_MINIMUM_THRESHOLD := 0.05` has elapsed, and make the released state immediately remove the card when `targets` is not empty but otherwise go back to base on the next input. In `res://scenes/ui/hand.gd`, connect each new card's `reparent_requested` signal and restore cancelled drags back into `Cards` at their recorded index.",D:\ShaderAgent\re\gamedevbench-main\gamedevbench-main\tasks\task_0288\scripts\test.gd,D:\ShaderAgent\re\gamedevbench-main\gamedevbench-main\tasks\task_0288.zip,D:\ShaderAgent\re\gamedevbench-main\gamedevbench-main\tasks_gt\task_0288,tasks/test_result/gpt6_astra_codex_runtime_video_high_full_333/task_0288_codex_20260907_080631,False,unreviewed,,,
task_0289,codex,gpt-6-astra,high,True,True,False,Dragging state must reparent the card into the screen_layer group,"Finish the card dragging mechanic for the alternate harness. The provided `res://scenes/main.tscn` harness keeps three `CardUI` instances under `ArenaUI/Palm`, and each card should continue using the existing `CardStateMachine`, `CardBaseState`, `CardClickedState`, and `CardDraggingState` nodes from `res://scenes/card_ui/card_ui.tscn`. In `res://scenes/card_ui/card_state_machine.gd`, initialize every child state, connect each state's `transition_requested` signal, enter the exported `initial_state`, and forward `_input` and `gui_input` to the active state while ignoring transition requests that do not come from the current state. In `res://scenes/card_ui/card_ui.gd`, call `card_state_machine.init(self)` in `_ready()`, forward the existing input callbacks into the state machine, and keep `targets` updated from the `DropPointDetector` area enter/exit callbacks without duplicates. In the card state scripts, make the base state emit `reparent_requested`, reset `DropPointDetector.monitoring` to `false`, and move to the clicked state on left-click, make the clicked state record `original_index`, enable `DropPointDetector.monitoring`, and transition to dragging on mouse motion, make the dragging state reparent the card into the node in the `screen_layer` group, follow the mouse, cancel back to base on right-click, and only confirm release after `DRAG_MINIMUM_THRESHOLD := 0.045` has elapsed, and make the released state immediately remove the card when `targets` is not empty but otherwise go back to base on the next input. In `res://scenes/ui/hand.gd`, connect each new card's `reparent_requested` signal and restore cancelled drags back into `Palm` at their recorded index.",D:\ShaderAgent\re\gamedevbench-main\gamedevbench-main\tasks\task_0289\scripts\test.gd,D:\ShaderAgent\re\gamedevbench-main\gamedevbench-main\tasks\task_0289.zip,D:\ShaderAgent\re\gamedevbench-main\gamedevbench-main\tasks_gt\task_0289,tasks/test_result/gpt6_astra_codex_runtime_video_high_full_333/task_0289_codex_20260907_080718,False,unreviewed,,,
task_0290,codex,gpt-6-astra,high,True,True,False,Dragging state must reparent the card into the top_ui_layer group,"Finish the card dragging mechanic for the alternate harness. The provided `res://scenes/main.tscn` harness keeps three `CardUI` instances under `FieldUI/GripRow`, and each card should continue using the existing `CardStateMachine`, `CardBaseState`, `CardClickedState`, and `CardDraggingState` nodes from `res://scenes/card_ui/card_ui.tscn`. In `res://scenes/card_ui/card_state_machine.gd`, initialize every child state, connect each state's `transition_requested` signal, enter the exported `initial_state`, and forward `_input` and `gui_input` to the active state while ignoring transition requests that do not come from the current state. In `res://scenes/card_ui/card_ui.gd`, call `card_state_machine.init(self)` in `_ready()`, forward the existing input callbacks into the state machine, and keep `targets` updated from the `DropPointDetector` area enter/exit callbacks without duplicates. In the card state scripts, make the base state emit `reparent_requested`, reset `DropPointDetector.monitoring` to `false`, and move to the clicked state on left-click, make the clicked state record `original_index`, enable `DropPointDetector.monitoring`, and transition to dragging on mouse motion, make the dragging state reparent the card into the node in the `top_ui_layer` group, follow the mouse, cancel back to base on right-click, and only confirm release after `DRAG_MINIMUM_THRESHOLD := 0.065` has elapsed, and make the released state immediately remove the card when `targets` is not empty but otherwise go back to base on the next input. In `res://scenes/ui/hand.gd`, connect each new card's `reparent_requested` signal and restore cancelled drags back into `GripRow` at their recorded index.",D:\ShaderAgent\re\gamedevbench-main\gamedevbench-main\tasks\task_0290\scripts\test.gd,D:\ShaderAgent\re\gamedevbench-main\gamedevbench-main\tasks\task_0290.zip,D:\ShaderAgent\re\gamedevbench-main\gamedevbench-main\tasks_gt\task_0290,tasks/test_result/gpt6_astra_codex_runtime_video_high_full_333/task_0290_codex_20260907_080638,False,unreviewed,,,
task_0291,codex,gpt-6-astra,high,True,True,False,Dragging state must reparent the card into the drag_overlay group,"Finish the card dragging mechanic for the alternate harness. The provided `res://scenes/main.tscn` harness keeps three `CardUI` instances under `BattleOverlay/MoveBar`, and each card should continue using the existing `CardStateMachine`, `CardBaseState`, `CardClickedState`, and `CardDraggingState` nodes from `res://scenes/card_ui/card_ui.tscn`. In `res://scenes/card_ui/card_state_machine.gd`, initialize every child state, connect each state's `transition_requested` signal, enter the exported `initial_state`, and forward `_input` and `gui_input` to the active state while ignoring transition requests that do not come from the current state. In `res://scenes/card_ui/card_ui.gd`, call `card_state_machine.init(self)` in `_ready()`, forward the existing input callbacks into the state machine, and keep `targets` updated from the `DropPointDetector` area enter/exit callbacks without duplicates. In the card state scripts, make the base state emit `reparent_requested`, reset `DropPointDetector.monitoring` to `false`, and move to the clicked state on left-click, make the clicked state record `original_index`, enable `DropPointDetector.monitoring`, and transition to dragging on mouse motion, make the dragging state reparent the card into the node in the `drag_overlay` group, follow the mouse, cancel back to base on right-click, and only confirm release after `DRAG_MINIMUM_THRESHOLD := 0.055` has elapsed, and make the released state immediately remove the card when `targets` is not empty but otherwise go back to base on the next input. In `res://scenes/ui/hand.gd`, connect each new card's `reparent_requested` signal and restore cancelled drags back into `MoveBar` at their recorded index.",D:\ShaderAgent\re\gamedevbench-main\gamedevbench-main\tasks\task_0291\scripts\test.gd,D:\ShaderAgent\re\gamedevbench-main\gamedevbench-main\tasks\task_0291.zip,D:\ShaderAgent\re\gamedevbench-main\gamedevbench-main\tasks_gt\task_0291,tasks/test_result/gpt6_astra_codex_runtime_video_high_full_333/task_0291_codex_20260907_080617,False,unreviewed,,,
